eixo;rotulo_kmz;altura_m;cota_eixo_m;cota_NA_m;cota_crista_m;area_controlada_km2;L_crista_m;V_aterro_hm3;area_alagada_km2;volume_hm3;custo_total_MRS
E03;EIXO-B#00;10;71,5;81,5;84,5;2550,4;214,8;0,062;0,61;2,5;13,6
E03;EIXO-B#00;15;71,5;86,5;89,5;2550,4;214,8;0,125;0,9;6,3;23,0
E03;EIXO-B#00;20;71,5;91,5;94,5;2550,4;243,4;0,21;1,19;11,5;35,4
E03;EIXO-B#00;25;71,5;96,5;99,5;2550,4;272,1;0,323;1,71;18,6;52,6
E03;EIXO-B#00;30;71,5;101,5;104,5;2550,4;300,7;0,466;2,14;28,2;72,9
E03;EIXO-B#00;35;71,5;106,5;109,5;2550,4;300,7;0,641;2,83;40,6;98,3
E03;EIXO-B#00;40;71,5;111,5;114,5;2550,4;329,3;0,851;3,41;56,3;127,6
E03;EIXO-B#00;45;71,5;116,5;119,5;2550,4;329,3;1,096;4,0;74,7;161,0
E03;EIXO-B#00;50;71,5;121,5;124,5;2550,4;358,0;1,378;4,61;96,3;199,3
E03;EIXO-B#00;55;71,5;126,5;129,5;2550,4;386,6;1,702;5,3;121,1;243,2
E03;EIXO-B#00;60;71,5;131,5;134,5;2550,4;415,2;2,068;5,94;149,2;291,8
E03;EIXO-B#00;65;71,5;136,5;139,5;2550,4;415,2;2,479;6,71;180,8;346,4
E03;EIXO-B#00;70;71,5;141,5;144,5;2550,4;472,5;2,94;7,6;216,5;408,5
E03;EIXO-B#00;75;71,5;146,5;149,5;2550,4;501,1;3,454;8,52;256,7;476,8
E03;EIXO-B#00;80;71,5;151,5;154,5;2550,4;558,4;4,025;9,47;301,7;552,6
E03;EIXO-B#00;85;71,5;156,5;159,5;2550,4;587,1;4,661;10,42;351,4;636,0
E03;EIXO-B#00;90;71,5;161,5;164,5;2550,4;644,3;5,362;11,39;406,0;727,6
E03;EIXO-B#00;95;71,5;166,5;169,5;2550,4;730,2;6,136;12,42;465,5;828,9
E03;EIXO-B#00;100;71,5;171,5;174,5;2550,4;730,2;6,992;13,45;530,2;939,1
E03;EIXO-B#00;105;71,5;176,5;179,5;2550,4;730,2;7,928;14,43;599,9;1058,8
E03;EIXO-B#00;110;71,5;181,5;184,5;2550,4;758,9;8,945;16,28;675,1;1193,9
E03;EIXO-B#00;115;71,5;186,5;189,5;2550,4;787,5;10,048;17,52;759,7;1335,8
E03;EIXO-B#00;120;71,5;191,5;194,5;2550,4;816,2;11,239;18,7;850,3;1487,9
E02;EIXO-FQ1-PROPOSTO — Forqueta inferior#01;10;22,5;32,5;35,5;2350,1;1102,5;0,174;1,64;5,2;43,0
E02;EIXO-FQ1-PROPOSTO — Forqueta inferior#01;15;22,5;37,5;40,5;2350,1;1703,9;0,547;4,82;21,0;114,2
E02;EIXO-FQ1-PROPOSTO — Forqueta inferior#01;20;22,5;42,5;45,5;2350,1;2076,2;1,085;9,97;58,7;214,8
E02;EIXO-FQ1-PROPOSTO — Forqueta inferior#01;25;22,5;47,5;50,5;2350,1;2133,5;1,859;15,52;122,8;343,2
E02;EIXO-FQ1-PROPOSTO — Forqueta inferior#01;30;22,5;52,5;55,5;2350,1;3049,8;3,146;21,57;215,3;546,2
E02;EIXO-FQ1-PROPOSTO — Forqueta inferior#01;35;22,5;57,5;60,5;2350,1;3221,7;4,646;27,46;338,0;766,1
E02;EIXO-FQ1-PROPOSTO — Forqueta inferior#01;40;22,5;62,5;65,5;2350,1;3622,6;6,546;32,85;489,4;1034,0
E02;EIXO-FQ1-PROPOSTO — Forqueta inferior#01;45;22,5;67,5;70,5;2350,1;4539,0;9,206;37,02;664,4;1392,5
E02;EIXO-FQ1-PROPOSTO — Forqueta inferior#01;50;22,5;72,5;75,5;2350,1;6171,3;15,42;41,13;860,3;2190,0
E02;EIXO-FQ1-PROPOSTO — Forqueta inferior#01;55;22,5;77,5;80,5;2350,1;6314,5;19,945;44,98;1075,6;2764,8
E02;EIXO-FQ1-PROPOSTO — Forqueta inferior#01;60;22,5;82,5;85,5;2350,1;6600,8;25,193;48,7;1310,1;3428,1
E02;EIXO-FQ1-PROPOSTO — Forqueta inferior#01;65;22,5;87,5;90,5;2350,1;6715,4;31,188;52,4;1562,7;4180,2
E02;EIXO-FQ1-PROPOSTO — Forqueta inferior#01;70;22,5;92,5;95,5;2350,1;6772,7;37,94;55,85;1833,5;5022,1
E02;EIXO-FQ1-PROPOSTO — Forqueta inferior#01;75;22,5;97,5;100,5;2350,1;6858,6;45,457;59,07;2120,7;5956,0
E02;EIXO-FQ1-PROPOSTO — Forqueta inferior#01;80;22,5;102,5;105,5;2350,1;6915,8;53,746;62,4;2424,3;6983,9
E02;EIXO-FQ1-PROPOSTO — Forqueta inferior#01;85;22,5;107,5;110,5;2350,1;7059,0;62,821;65,92;2745,2;8109,5
E02;EIXO-FQ1-PROPOSTO — Forqueta inferior#01;90;22,5;112,5;115,5;2350,1;7144,9;72,692;69,65;3084,6;9332,4
E02;EIXO-FQ1-PROPOSTO — Forqueta inferior#01;95;22,5;117,5;120,5;2350,1;9550,5;101,596;73,38;3442,0;12892,8
E02;EIXO-FQ1-PROPOSTO — Forqueta inferior#01;100;22,5;122,5;125,5;2350,1;10209,1;117,127;77,3;3818,9;14810,8
E02;EIXO-FQ1-PROPOSTO — Forqueta inferior#01;105;22,5;127,5;130,5;2350,1;10237,7;133,163;81,21;4215,3;16783,2
E02;EIXO-FQ1-PROPOSTO — Forqueta inferior#01;110;22,5;132,5;135,5;2350,1;10237,7;150,351;84,94;4630,8;18894,2
E02;EIXO-FQ1-PROPOSTO — Forqueta inferior#01;115;22,5;137,5;140,5;2350,1;10266,4;168,693;88,64;5065,2;21145,6
E02;EIXO-FQ1-PROPOSTO — Forqueta inferior#01;120;22,5;142,5;145,5;2350,1;10295,0;188,191;92,41;5518,0;23537,8
E06;EIXO#02;10;239,0;249,0;252,0;7497,2;300,7;0,118;3,68;27,8;40,0
E06;EIXO#02;15;239,0;254,0;257,0;7497,2;358,0;0,221;4,72;48,4;59,4
E06;EIXO#02;20;239,0;259,0;262,0;7497,2;386,6;0,365;5,64;74,4;82,8
E06;EIXO#02;25;239,0;264,0;267,0;7497,2;415,2;0,551;6,87;105,5;113,2
E06;EIXO#02;30;239,0;269,0;272,0;7497,2;443,9;0,784;7,93;142,6;148,2
E06;EIXO#02;35;239,0;274,0;277,0;7497,2;472,5;1,067;8,86;184,6;188,6
E06;EIXO#02;40;239,0;279,0;282,0;7497,2;529,8;1,406;10,26;233,0;238,9
E06;EIXO#02;45;239,0;284,0;287,0;7497,2;558,4;1,804;11,6;287,6;295,7
E06;EIXO#02;50;239,0;289,0;292,0;7497,2;644,3;2,267;13,18;349,4;362,5
E06;EIXO#02;55;239,0;294,0;297,0;7497,2;644,3;2,802;14,62;418,9;436,2
E06;EIXO#02;60;239,0;299,0;302,0;7497,2;673,0;3,41;16,35;496,6;520,9
E06;EIXO#02;65;239,0;304,0;307,0;7497,2;673,0;4,092;18,08;583,1;614,3
E06;EIXO#02;70;239,0;309,0;312,0;7497,2;730,2;4,85;19,91;678,6;718,1
E06;EIXO#02;75;239,0;314,0;317,0;7497,2;730,2;5,69;21,73;783,1;831,2
E06;EIXO#02;80;239,0;319,0;322,0;7497,2;730,2;6,611;23,59;896,4;954,4
E06;EIXO#02;85;239,0;324,0;327,0;7497,2;816,2;7,616;25,6;1019,2;1089,7
E06;EIXO#02;90;239,0;329,0;332,0;7497,2;816,2;8,713;27,78;1152,9;1236,2
E06;EIXO#02;95;239,0;334,0;337,0;7497,2;816,2;9,9;30,08;1298,1;1394,4
E06;EIXO#02;100;239,0;339,0;342,0;7497,2;816,2;11,178;32,28;1454,1;1563,1
E06;EIXO#02;105;239,0;344,0;347,0;7497,2;873,4;12,548;34,55;1621,5;1743,9
E06;EIXO#02;110;239,0;349,0;352,0;7497,2;873,4;14,014;36,86;1799,8;1936,1
E06;EIXO#02;115;239,0;354,0;357,0;7497,2;873,4;15,578;39,34;1990,4;2141,2
E06;EIXO#02;120;239,0;359,0;362,0;7497,2;873,4;17,238;42,11;2194,0;2359,7
E04;EIXO#03;10;293,0;303,0;306,0;3590,9;214,8;0,089;1,26;7,8;20,8
E04;EIXO#03;15;293,0;308,0;311,0;3590,9;214,8;0,163;1,6;15,1;31,8
E04;EIXO#03;20;293,0;313,0;316,0;3590,9;257,7;0,259;2,15;24,4;47,3
E04;EIXO#03;25;293,0;318,0;321,0;3590,9;257,7;0,382;2,69;36,5;65,5
E04;EIXO#03;30;293,0;323,0;326,0;3590,9;300,7;0,534;3,27;51,4;88,0
E04;EIXO#03;35;293,0;328,0;331,0;3590,9;343,6;0,72;3,89;69,5;114,8
E04;EIXO#03;40;293,0;333,0;336,0;3590,9;343,6;0,944;4,59;90,8;146,3
E04;EIXO#03;45;293,0;338,0;341,0;3590,9;415,2;1,208;5,3;115,5;183,5
E04;EIXO#03;50;293,0;343,0;346,0;3590,9;415,2;1,517;6,15;144,1;226,1
E04;EIXO#03;55;293,0;348,0;351,0;3590,9;458,2;1,872;7,22;177,5;276,3
E04;EIXO#03;60;293,0;353,0;356,0;3590,9;458,2;2,278;8,55;217,0;333,7
E04;EIXO#03;65;293,0;358,0;361,0;3590,9;501,1;2,737;10,14;263,7;399,5
E04;EIXO#03;70;293,0;363,0;366,0;3590,9;587,1;3,254;11,91;319,1;474,1
E04;EIXO#03;75;293,0;368,0;371,0;3590,9;673,0;3,841;13,54;382,8;556,2
E04;EIXO#03;80;293,0;373,0;376,0;3590,9;673,0;4,502;15,25;454,9;646,9
E04;EIXO#03;85;293,0;378,0;381,0;3590,9;673,0;5,238;16,94;535,3;746,6
E04;EIXO#03;90;293,0;383,0;386,0;3590,9;701,6;6,049;18,9;625,1;857,3
E04;EIXO#03;95;293,0;388,0;391,0;3590,9;2119,1;18,659;20,67;724,1;2415,5
E04;EIXO#03;100;293,0;393,0;396,0;3590,9;2233,7;21,34;22,45;832,0;2753,3
E04;EIXO#03;105;293,0;398,0;401,0;3590,9;2362,6;24,282;24,42;949,5;3124,1
E04;EIXO#03;110;293,0;403,0;406,0;3590,9;2405,5;27,489;26,47;1076,7;3526,7
E04;EIXO#03;115;293,0;408,0;411,0;3590,9;2448,5;30,966;28,51;1214,3;3962,0
E04;EIXO#03;120;293,0;413,0;416,0;3590,9;2491,4;34,718;30,58;1362,4;4430,9
E07;EIXO#04;10;168,5;178,5;181,5;7922,5;143,2;0,066;0,32;1,9;11,5
E07;EIXO#04;15;168,5;183,5;186,5;7922,5;186,1;0,12;0,42;3,7;19,1
E07;EIXO#04;20;168,5;188,5;191,5;7922,5;186,1;0,194;0,59;6,2;29,2
E07;EIXO#04;25;168,5;193,5;196,5;7922,5;229,1;0,288;0,95;9,9;43,2
E07;EIXO#04;30;168,5;198,5;201,5;7922,5;229,1;0,406;1,17;15,3;58,9
E07;EIXO#04;35;168,5;203,5;206,5;7922,5;257,7;0,549;1,4;21,8;78,0
E07;EIXO#04;40;168,5;208,5;211,5;7922,5;286,4;0,721;1,62;29,4;100,5
E07;EIXO#04;45;168,5;213,5;216,5;7922,5;286,4;0,923;1,83;38,0;126,4
E07;EIXO#04;50;168,5;218,5;221,5;7922,5;286,4;1,157;2,08;47,8;156,3
E07;EIXO#04;55;168,5;223,5;226,5;7922,5;329,3;1,423;2,32;58,9;190,5
E07;EIXO#04;60;168,5;228,5;231,5;7922,5;329,3;1,725;2,62;71,4;229,1
E07;EIXO#04;65;168,5;233,5;236,5;7922,5;329,3;2,063;2,88;85,1;271,7
E07;EIXO#04;70;168,5;238,5;241,5;7922,5;372,3;2,439;3,78;101,1;323,3
E07;EIXO#04;75;168,5;243,5;246,5;7922,5;415,2;2,857;9,2;139,6;407,5
E07;EIXO#04;80;168,5;248,5;251,5;7922,5;415,2;3,321;10,42;188,6;471,3
E07;EIXO#04;85;168,5;253,5;256,5;7922,5;458,2;3,832;11,99;244,2;543,4
E07;EIXO#04;90;168,5;258,5;261,5;7922,5;458,2;4,394;13,59;308,2;621,4
E07;EIXO#04;95;168,5;263,5;266,5;7922,5;458,2;5,005;15,44;380,6;706,9
E07;EIXO#04;100;168,5;268,5;271,5;7922,5;458,2;5,667;17,13;462,1;797,6
E07;EIXO#04;105;168,5;273,5;276,5;7922,5;544,1;6,384;18,72;551,7;895,2
E07;EIXO#04;110;168,5;278,5;281,5;7922,5;544,1;7,162;20,74;651,0;1002,1
E07;EIXO#04;115;168,5;283,5;286,5;7922,5;544,1;7,999;22,77;759,8;1116,1
E07;EIXO#04;120;168,5;288,5;291,5;7922,5;544,1;8,896;24,96;879,0;1238,4
E08;EIXO#05;10;149,5;159,5;162,5;8158,7;128,9;0,058;0,95;6,4;14,2
E08;EIXO#05;15;149,5;164,5;167,5;8158,7;186,1;0,108;1,34;12,3;23,3
E08;EIXO#05;20;149,5;169,5;172,5;8158,7;214,8;0,179;1,72;19,9;34,5
E08;EIXO#05;25;149,5;174,5;177,5;8158,7;214,8;0,273;2,25;29,7;49,1
E08;EIXO#05;30;149,5;179,5;182,5;8158,7;272,1;0,393;2,57;41,8;66,3
E08;EIXO#05;35;149,5;184,5;187,5;8158,7;272,1;0,542;2,95;55,5;86,7
E08;EIXO#05;40;149,5;189,5;192,5;8158,7;329,3;0,725;3,38;71,4;112,1
E08;EIXO#05;45;149,5;194,5;197,5;8158,7;386,6;0,945;4,09;90,0;143,8
E08;EIXO#05;50;149,5;199,5;202,5;8158,7;386,6;1,208;4,57;111,7;178,7
E08;EIXO#05;55;149,5;204,5;207,5;8158,7;443,9;1,514;5,13;136,1;219,9
E08;EIXO#05;60;149,5;209,5;212,5;8158,7;443,9;1,87;5,68;163,2;266,5
E08;EIXO#05;65;149,5;214,5;217,5;8158,7;472,5;2,275;6,23;193,0;319,4
E08;EIXO#05;70;149,5;219,5;222,5;8158,7;472,5;2,732;6,8;225,6;378,3
E08;EIXO#05;75;149,5;224,5;227,5;8158,7;472,5;3,24;7,4;261,1;443,7
E08;EIXO#05;80;149,5;229,5;232,5;8158,7;501,1;3,8;8,01;299,9;515,8
E08;EIXO#05;85;149,5;234,5;237,5;8158,7;501,1;4,415;8,64;341,6;594,3
E08;EIXO#05;90;149,5;239,5;242,5;8158,7;501,1;5,085;13,05;389,1;702,5
E08;EIXO#05;95;149,5;244,5;247,5;8158,7;501,1;5,809;15,72;462,3;806,7
E08;EIXO#05;100;149,5;249,5;252,5;8158,7;529,8;6,592;17,24;544,6;911,4
E08;EIXO#05;105;149,5;254,5;257,5;8158,7;558,4;7,432;19,25;635,7;1026,0
E08;EIXO#05;110;149,5;259,5;262,5;8158,7;587,1;8,337;21,1;736,6;1147,5
E08;EIXO#05;115;149,5;264,5;267,5;8158,7;587,1;9,306;23,26;847,5;1278,3
E08;EIXO#05;120;149,5;269,5;272,5;8158,7;644,3;10,34;25,26;968,9;1416,7
E09;EIXO#06;10;149,5;159,5;162,5;8173,5;186,1;0,073;1,27;9,3;18,6
E09;EIXO#06;15;149,5;164,5;167,5;8173,5;214,8;0,136;1,72;16,9;29,3
E09;EIXO#06;20;149,5;169,5;172,5;8173,5;214,8;0,222;2,13;26,4;42,2
E09;EIXO#06;25;149,5;174,5;177,5;8173,5;214,8;0,33;2,69;38,5;58,8
E09;EIXO#06;30;149,5;179,5;182,5;8173,5;243,4;0,462;3,06;52,9;77,4
E09;EIXO#06;35;149,5;184,5;187,5;8173,5;243,4;0,62;3,48;69,1;99,1
E09;EIXO#06;40;149,5;189,5;192,5;8173,5;300,7;0,808;3,94;87,7;125,4
E09;EIXO#06;45;149,5;194,5;197,5;8173,5;300,7;1,029;4,69;109,3;156,8
E09;EIXO#06;50;149,5;199,5;202,5;8173,5;329,3;1,281;5,21;134,1;190,8
E09;EIXO#06;55;149,5;204,5;207,5;8173,5;329,3;1,57;5,8;161,7;229,5
E09;EIXO#06;60;149,5;209,5;212,5;8173,5;358,0;1,895;6,38;192,2;272,9
E09;EIXO#06;65;149,5;214,5;217,5;8173,5;358,0;2,259;6,96;225,6;320,6
E09;EIXO#06;70;149,5;219,5;222,5;8173,5;386,6;2,664;7,56;261,9;373,8
E09;EIXO#06;75;149,5;224,5;227,5;8173,5;386,6;3,111;8,19;301,4;431,9
E09;EIXO#06;80;149,5;229,5;232,5;8173,5;386,6;3,6;8,84;344,2;495,3
E09;EIXO#06;85;149,5;234,5;237,5;8173,5;415,2;4,133;9,51;390,2;564,4
E09;EIXO#06;90;149,5;239,5;242,5;8173,5;415,2;4,711;13,94;442,1;661,6
E09;EIXO#06;95;149,5;244,5;247,5;8173,5;443,9;5,335;16,65;519,8;754,2
E09;EIXO#06;100;149,5;249,5;252,5;8173,5;443,9;6,007;18,2;606,9;845,2
E09;EIXO#06;105;149,5;254,5;257,5;8173,5;443,9;6,728;20,24;702,8;945,2
E09;EIXO#06;110;149,5;259,5;262,5;8173,5;472,5;7,499;22,13;808,7;1050,7
E09;EIXO#06;115;149,5;264,5;267,5;8173,5;472,5;8,323;24,32;924,8;1164,1
E09;EIXO#06;120;149,5;269,5;272,5;8173,5;501,1;9,198;26,37;1051,7;1283,2
E01;EIXO-FQ2-PROPOSTO — Forqueta intermediário#07;10;40,0;50,0;53,0;2204,2;472,5;0,094;1,52;5,5;25,8
E01;EIXO-FQ2-PROPOSTO — Forqueta intermediário#07;15;40,0;55,0;58,0;2204,2;1030,9;0,263;4,45;20,6;70,1
E01;EIXO-FQ2-PROPOSTO — Forqueta intermediário#07;20;40,0;60,0;63,0;2204,2;1102,5;0,542;7,35;50,0;122,4
E01;EIXO-FQ2-PROPOSTO — Forqueta intermediário#07;25;40,0;65,0;68,0;2204,2;2162,1;1,572;9,9;93,6;274,5
E01;EIXO-FQ2-PROPOSTO — Forqueta intermediário#07;30;40,0;70,0;73,0;2204,2;2205,1;2,512;12,24;149,0;403,4
E01;EIXO-FQ2-PROPOSTO — Forqueta intermediário#07;35;40,0;75,0;78,0;2204,2;2233,7;3,7;14,39;215,8;561,1
E01;EIXO-FQ2-PROPOSTO — Forqueta intermediário#07;40;40,0;80,0;83,0;2204,2;2319,6;5,141;16,62;293,4;750,7
E01;EIXO-FQ2-PROPOSTO — Forqueta intermediário#07;45;40,0;85,0;88,0;2204,2;2362,6;6,846;18,72;381,7;971,1
E01;EIXO-FQ2-PROPOSTO — Forqueta intermediário#07;50;40,0;90,0;93,0;2204,2;2405,5;8,818;20,94;481,0;1224,6
E01;EIXO-FQ2-PROPOSTO — Forqueta intermediário#07;55;40,0;95,0;98,0;2204,2;2563,0;11,065;22,79;590,3;1510,6
E01;EIXO-FQ2-PROPOSTO — Forqueta intermediário#07;60;40,0;100,0;103,0;2204,2;2606,0;13,601;24,65;709,0;1830,4
E01;EIXO-FQ2-PROPOSTO — Forqueta intermediário#07;65;40,0;105,0;108,0;2204,2;2691,9;16,429;26,72;837,4;2187,5
E01;EIXO-FQ2-PROPOSTO — Forqueta intermediário#07;70;40,0;110,0;113,0;2204,2;2734,8;19,559;28,98;976,5;2582,0
E01;EIXO-FQ2-PROPOSTO — Forqueta intermediário#07;75;40,0;115,0;118,0;2204,2;2820,7;22,998;31,15;1126,7;3013,9
E01;EIXO-FQ2-PROPOSTO — Forqueta intermediário#07;80;40,0;120,0;123,0;2204,2;2849,4;26,754;33,67;1288,9;3486,0
E01;EIXO-FQ2-PROPOSTO — Forqueta intermediário#07;85;40,0;125,0;128,0;2204,2;2849,4;30,829;36,28;1463,7;3996,9
E01;EIXO-FQ2-PROPOSTO — Forqueta intermediário#07;90;40,0;130,0;133,0;2204,2;3164,4;35,269;38,82;1651,4;4555,2
E01;EIXO-FQ2-PROPOSTO — Forqueta intermediário#07;95;40,0;135,0;138,0;2204,2;3207,3;40,059;41,31;1852,0;5152,8
E01;EIXO-FQ2-PROPOSTO — Forqueta intermediário#07;100;40,0;140,0;143,0;2204,2;3293,3;45,213;43,77;2064,5;5794,9
E01;EIXO-FQ2-PROPOSTO — Forqueta intermediário#07;105;40,0;145,0;148,0;2204,2;3336,2;50,74;46,38;2290,1;6482,7
E01;EIXO-FQ2-PROPOSTO — Forqueta intermediário#07;110;40,0;150,0;153,0;2204,2;3379,2;56,642;48,85;2528,4;7215,3
E01;EIXO-FQ2-PROPOSTO — Forqueta intermediário#07;115;40,0;155,0;158,0;2204,2;3379,2;62,923;51,41;2779,4;7994,0
E01;EIXO-FQ2-PROPOSTO — Forqueta intermediário#07;120;40,0;160,0;163,0;2204,2;3422,1;69,584;54,07;3042,9;8819,9
E10;EIXO#08;10;148,5;158,5;161,5;11950,1;257,7;0,105;1,97;14,1;27,5
E10;EIXO#08;15;148,5;163,5;166,5;11950,1;257,7;0,193;2,58;25,5;41,9
E10;EIXO#08;20;148,5;168,5;171,5;11950,1;300,7;0,311;3,19;39,9;60,4
E10;EIXO#08;25;148,5;173,5;176,5;11950,1;300,7;0,462;3,99;57,7;83,6
E10;EIXO#08;30;148,5;178,5;181,5;11950,1;329,3;0,646;4,65;79,3;110,3
E10;EIXO#08;35;148,5;183,5;186,5;11950,1;329,3;0,865;5,32;104,1;141,0
E10;EIXO#08;40;148,5;188,5;191,5;11950,1;329,3;1,119;6,15;132,8;176,9
E10;EIXO#08;45;148,5;193,5;196,5;11950,1;329,3;1,409;7,21;166,1;218,6
E10;EIXO#08;50;148,5;198,5;201,5;11950,1;372,3;1,736;8,1;204,4;264,1
E10;EIXO#08;55;148,5;203,5;206,5;11950,1;415,2;2,106;8,91;247,1;314,5
E10;EIXO#08;60;148,5;208,5;211,5;11950,1;415,2;2,52;9,89;294,2;370,7
E10;EIXO#08;65;148,5;213,5;216,5;11950,1;415,2;2,98;10,89;346,2;432,7
E10;EIXO#08;70;148,5;218,5;221,5;11950,1;415,2;3,485;11,95;403,3;500,5
E10;EIXO#08;75;148,5;223,5;226,5;11950,1;415,2;4,036;13,07;465,8;574,3
E10;EIXO#08;80;148,5;228,5;231,5;11950,1;501,1;4,634;14,18;534,1;654,6
E10;EIXO#08;85;148,5;233,5;236,5;11950,1;501,1;5,288;15,28;607,8;740,7
E10;EIXO#08;90;148,5;238,5;241,5;11950,1;501,1;5,997;16,88;687,5;836,6
E10;EIXO#08;95;148,5;243,5;246,5;11950,1;501,1;6,761;23,02;793,3;966,7
E10;EIXO#08;100;148,5;248,5;251,5;11950,1;501,1;7,58;24,92;913,1;1077,7
E10;EIXO#08;105;148,5;253,5;256,5;11950,1;544,1;8,453;27,95;1043,9;1202,7
E10;EIXO#08;110;148,5;258,5;261,5;11950,1;587,1;9,389;30,34;1189,6;1331,4
E10;EIXO#08;115;148,5;263,5;266,5;11950,1;587,1;10,39;33,01;1347,6;1469,3
E10;EIXO#08;120;148,5;268,5;271,5;11950,1;630,0;11,456;35,71;1519,5;1615,7
E11;EIXO#09;10;106,0;116,0;119,0;12330,0;272,1;0,104;2,28;14,6;29,5
E11;EIXO#09;15;106,0;121,0;124,0;12330,0;272,1;0,195;2,74;27,1;43,3
E11;EIXO#09;20;106,0;126,0;129,0;12330,0;272,1;0,315;3,43;42,7;62,1
E11;EIXO#09;25;106,0;131,0;134,0;12330,0;272,1;0,463;4,2;61,7;84,7
E11;EIXO#09;30;106,0;136,0;139,0;12330,0;300,7;0,642;4,95;84,5;111,3
E11;EIXO#09;35;106,0;141,0;144,0;12330,0;329,3;0,855;5,75;111,3;142,3
E11;EIXO#09;40;106,0;146,0;149,0;12330,0;329,3;1,104;6,55;142,0;177,5
E11;EIXO#09;45;106,0;151,0;154,0;12330,0;329,3;1,389;8,61;178,8;224,6
E11;EIXO#09;50;106,0;156,0;159,0;12330,0;358,0;1,712;9,74;224,8;271,0
E11;EIXO#09;55;106,0;161,0;164,0;12330,0;358,0;2,073;10,96;276,4;322,3
E11;EIXO#09;60;106,0;166,0;169,0;12330,0;386,6;2,474;12,3;334,5;379,5
E11;EIXO#09;65;106,0;171,0;174,0;12330,0;415,2;2,918;13,75;399,4;442,5
E11;EIXO#09;70;106,0;176,0;179,0;12330,0;443,9;3,407;15,21;471,9;511,1
E11;EIXO#09;75;106,0;181,0;184,0;12330,0;443,9;3,946;16,67;551,6;585,5
E11;EIXO#09;80;106,0;186,0;189,0;12330,0;472,5;4,533;18,22;638,7;666,5
E11;EIXO#09;85;106,0;191,0;194,0;12330,0;472,5;5,172;19,98;734,1;754,9
E11;EIXO#09;90;106,0;196,0;199,0;12330,0;529,8;5,867;21,89;838,9;851,5
E11;EIXO#09;95;106,0;201,0;204,0;12330,0;529,8;6,62;23,58;952,6;953,3
E11;EIXO#09;100;106,0;206,0;209,0;12330,0;558,4;7,432;25,32;1074,9;1062,8
E11;EIXO#09;105;106,0;211,0;214,0;12330,0;587,1;8,305;27,14;1206,0;1180,3
E11;EIXO#09;110;106,0;216,0;219,0;12330,0;587,1;9,242;29,05;1346,5;1305,7
E11;EIXO#09;115;106,0;221,0;224,0;12330,0;615,7;10,244;31,04;1496,7;1439,9
E11;EIXO#09;120;106,0;226,0;229,0;12330,0;615,7;11,314;33,02;1657,0;1581,9
E13;EIXO#10;10;57,5;67,5;70,5;15456,5;358,0;0,104;3,6;17,2;38,4
E13;EIXO#10;15;57,5;72,5;75,5;15456,5;358,0;0,207;5,83;40,0;64,4
E13;EIXO#10;20;57,5;77,5;80,5;15456,5;415,2;0,352;8,32;76,0;97,8
E13;EIXO#10;25;57,5;82,5;85,5;15456,5;443,9;0,544;10,26;122,6;133,2
E13;EIXO#10;30;57,5;87,5;90,5;15456,5;472,5;0,786;11,98;178,2;173,4
E13;EIXO#10;35;57,5;92,5;95,5;15456,5;501,1;1,082;13,73;242,6;220,3
E13;EIXO#10;40;57,5;97,5;100,5;15456,5;529,8;1,436;15,52;315,7;274,5
E13;EIXO#10;45;57,5;102,5;105,5;15456,5;587,1;1,852;17,09;397,2;335,2
E13;EIXO#10;50;57,5;107,5;110,5;15456,5;587,1;2,333;26,78;504,6;452,5
E13;EIXO#10;55;57,5;112,5;115,5;15456,5;615,7;2,882;30,32;647,4;541,0
E13;EIXO#10;60;57,5;117,5;120,5;15456,5;644,3;3,498;33,62;807,4;636,2
E13;EIXO#10;65;57,5;122,5;125,5;15456,5;644,3;4,186;36,77;983,5;739,0
E13;EIXO#10;70;57,5;127,5;130,5;15456,5;644,3;4,944;40,17;1176,3;851,7
E13;EIXO#10;75;57,5;132,5;135,5;15456,5;673,0;5,775;43,49;1385,4;973,1
E13;EIXO#10;80;57,5;137,5;140,5;15456,5;673,0;6,68;46,89;1611,3;1103,8
E13;EIXO#10;85;57,5;142,5;145,5;15456,5;730,2;7,663;50,5;1854,9;1245,7
E13;EIXO#10;90;57,5;147,5;150,5;15456,5;730,2;8,727;54,17;2116,5;1397,3
E13;EIXO#10;95;57,5;152,5;155,5;15456,5;730,2;9,872;59,09;2400,5;1566,3
E13;EIXO#10;100;57,5;157,5;160,5;15456,5;758,9;11,097;63,17;2705,9;1740,3
E13;EIXO#10;105;57,5;162,5;165,5;15456,5;787,5;12,407;67,32;3031,9;1925,0
E13;EIXO#10;110;57,5;167,5;170,5;15456,5;787,5;13,804;71,82;3380,0;2122,0
E13;EIXO#10;115;57,5;172,5;175,5;15456,5;816,2;15,289;76,54;3751,0;2331,4
E13;EIXO#10;120;57,5;177,5;180,5;15456,5;844,8;16,864;81,13;4145,3;2551,0
E14;EIXO-A#11;10;47,0;57,0;60,0;15759,1;358,0;0,1;3,69;19,2;38,4
E14;EIXO-A#11;15;47,0;62,0;65,0;15759,1;443,9;0,204;7,2;44,2;73,3
E14;EIXO-A#11;20;47,0;67,0;70,0;15759,1;501,1;0,361;11,65;90,5;120,1
E14;EIXO-A#11;25;47,0;72,0;75,0;15759,1;558,4;0,575;16,14;160,8;173,9
E14;EIXO-A#11;30;47,0;77,0;80,0;15759,1;615,7;0,853;20,41;253,1;234,3
E14;EIXO-A#11;35;47,0;82,0;85,0;15759,1;673,0;1,202;23,6;363,6;296,7
E14;EIXO-A#11;40;47,0;87,0;90,0;15759,1;701,6;1,629;26,53;489,2;366,7
E14;EIXO-A#11;45;47,0;92,0;95,0;15759,1;730,2;2,133;29,38;629,1;445,5
E14;EIXO-A#11;50;47,0;97,0;100,0;15759,1;758,9;2,719;32,09;782,6;533,5
E14;EIXO-A#11;55;47,0;102,0;105,0;15759,1;758,9;3,39;34,62;949,6;630,4
E14;EIXO-A#11;60;47,0;107,0;110,0;15759,1;787,5;4,145;45,05;1143,2;785,8
E14;EIXO-A#11;65;47,0;112,0;115,0;15759,1;787,5;4,987;49,61;1380,4;915,8
E14;EIXO-A#11;70;47,0;117,0;120,0;15759,1;787,5;5,916;53,94;1639,5;1055,0
E14;EIXO-A#11;75;47,0;122,0;125,0;15759,1;873,4;6,935;58,0;1919,5;1204,4
E14;EIXO-A#11;80;47,0;127,0;130,0;15759,1;873,4;8,051;62,25;2220,6;1365,8
E14;EIXO-A#11;85;47,0;132,0;135,0;15759,1;902,1;9,265;66,38;2542,2;1538,7
E14;EIXO-A#11;90;47,0;137,0;140,0;15759,1;930,7;10,579;70,65;2885,0;1724,6
E14;EIXO-A#11;95;47,0;142,0;145,0;15759,1;930,7;11,997;75,02;3249,4;1923,4
E14;EIXO-A#11;100;47,0;147,0;150,0;15759,1;988,0;13,522;79,5;3635,8;2136,6
E14;EIXO-A#11;105;47,0;152,0;155,0;15759,1;988,0;15,156;85,19;4047,7;2369,6
E14;EIXO-A#11;110;47,0;157,0;160,0;15759,1;1016,6;16,902;89,96;4485,3;2611,1
E14;EIXO-A#11;115;47,0;162,0;165,0;15759,1;1045,3;18,762;94,97;4947,5;2867,8
E14;EIXO-A#11;120;47,0;167,0;170,0;15759,1;1073,9;20,74;100,42;5436,0;3141,6
E12;EIXO-C#12;10;72,0;82,0;85,0;12777,2;257,7;0,103;1,63;11,0;25,2
E12;EIXO-C#12;15;72,0;87,0;90,0;12777,2;300,7;0,189;2,12;20,4;39,1
E12;EIXO-C#12;20;72,0;92,0;95,0;12777,2;372,3;0,314;2,58;32,1;57,8
E12;EIXO-C#12;25;72,0;97,0;100,0;12777,2;372,3;0,48;2,98;46,0;80,5
E12;EIXO-C#12;30;72,0;102,0;105,0;12777,2;415,2;0,688;3,36;61,9;108,5
E12;EIXO-C#12;35;72,0;107,0;110,0;12777,2;415,2;0,94;11,33;93,0;187,5
E12;EIXO-C#12;40;72,0;112,0;115,0;12777,2;415,2;1,239;13,49;155,1;236,9
E12;EIXO-C#12;45;72,0;117,0;120,0;12777,2;458,2;1,582;15,43;227,7;290,9
E12;EIXO-C#12;50;72,0;122,0;125,0;12777,2;501,1;1,977;17,16;309,2;349,9
E12;EIXO-C#12;55;72,0;127,0;130,0;12777,2;501,1;2,428;19,09;400,1;416,4
E12;EIXO-C#12;60;72,0;132,0;135,0;12777,2;501,1;2,933;21,0;500,3;489,3
E12;EIXO-C#12;65;72,0;137,0;140,0;12777,2;501,1;3,493;22,85;610,1;568,6
E12;EIXO-C#12;70;72,0;142,0;145,0;12777,2;501,1;4,107;24,77;729,4;654,9
E12;EIXO-C#12;75;72,0;147,0;150,0;12777,2;544,1;4,777;26,77;858,2;748,9
E12;EIXO-C#12;80;72,0;152,0;155,0;12777,2;587,1;5,509;30,04;1000,3;858,2
E12;EIXO-C#12;85;72,0;157,0;160,0;12777,2;587,1;6,305;32,36;1156,2;969,0
E12;EIXO-C#12;90;72,0;162,0;165,0;12777,2;587,1;7,166;34,84;1324,0;1088,7
E12;EIXO-C#12;95;72,0;167,0;170,0;12777,2;630,0;8,091;37,53;1504,9;1217,9
E12;EIXO-C#12;100;72,0;172,0;175,0;12777,2;630,0;9,087;40,37;1699,6;1356,1
E12;EIXO-C#12;105;72,0;177,0;180,0;12777,2;630,0;10,151;43,17;1908,6;1502,4
E12;EIXO-C#12;110;72,0;182,0;185,0;12777,2;673,0;11,289;46,02;2131,7;1658,4
E12;EIXO-C#12;115;72,0;187,0;190,0;12777,2;673,0;12,501;49,14;2369,7;1824,6
E12;EIXO-C#12;120;72,0;192,0;195,0;12777,2;715,9;13,789;52,49;2623,6;2002,0
E05;EIXO#13;10;149,5;159,5;162,5;3771,7;128,9;0,03;0,24;1,6;6,5
E05;EIXO#13;15;149,5;164,5;167,5;3771,7;128,9;0,063;0,33;3,0;11,1
E05;EIXO#13;20;149,5;169,5;172,5;3771,7;214,8;0,114;0,47;4,9;19,0
E05;EIXO#13;25;149,5;174,5;177,5;3771,7;214,8;0,188;0,66;7,8;29,2
E05;EIXO#13;30;149,5;179,5;182,5;3771,7;272,1;0,287;0,87;11,5;43,1
E05;EIXO#13;35;149,5;184,5;187,5;3771,7;272,1;0,416;1,09;16,4;60,1
E05;EIXO#13;40;149,5;189,5;192,5;3771,7;272,1;0,573;1,39;22,6;81,0
E05;EIXO#13;45;149,5;194,5;197,5;3771,7;329,3;0,762;1,7;30,3;106,4
E05;EIXO#13;50;149,5;199,5;202,5;3771,7;329,3;0,986;1,95;39,4;135,2
E05;EIXO#13;55;149,5;204,5;207,5;3771,7;358,0;1,248;2,21;49,8;168,9
E05;EIXO#13;60;149,5;209,5;212,5;3771,7;358,0;1,549;2,53;61,5;207,4
E05;EIXO#13;65;149,5;214,5;217,5;3771,7;358,0;1,888;2,92;75,1;251,0
E05;EIXO#13;70;149,5;219,5;222,5;3771,7;386,6;2,269;3,31;90,6;300,0
E05;EIXO#13;75;149,5;224,5;227,5;3771,7;415,2;2,692;3,75;108,3;354,4
E05;EIXO#13;80;149,5;229,5;232,5;3771,7;415,2;3,16;4,15;128,0;413,6
E05;EIXO#13;85;149,5;234,5;237,5;3771,7;415,2;3,673;4,55;149,9;478,4
E05;EIXO#13;90;149,5;239,5;242,5;3771,7;415,2;4,231;4,88;173,4;548,2
E05;EIXO#13;95;149,5;244,5;247,5;3771,7;443,9;4,835;5,23;198,7;624,0
E05;EIXO#13;100;149,5;249,5;252,5;3771,7;472,5;5,488;5,53;225,6;705,5
E05;EIXO#13;105;149,5;254,5;257,5;3771,7;472,5;6,193;6,6;255,6;797,6
E05;EIXO#13;110;149,5;259,5;262,5;3771,7;501,1;6,949;6,98;289,5;892,1
E05;EIXO#13;115;149,5;264,5;267,5;3771,7;501,1;7,76;7,5;325,7;993,8
E05;EIXO#13;120;149,5;269,5;272,5;3771,7;501,1;8,625;8,11;364,7;1102,6
