barragem;altura_m;cota_eixo_m;cota_NA_m;cota_crista_m;area_controlada_km2;L_crista_m;V_aterro_hm3;area_alagada_km2;volume_hm3;custo_aterro_MRS;custo_vertedouro_MRS;custo_desapropr_MRS;custo_total_MRS
B1;20;57,0;77,0;80,0;15457,1;386,6;0,392;8,25;73,3;35,3;3,1;37,1;101,9
B1;25;57,0;82,0;85,0;15457,1;415,2;0,588;10,18;119,5;52,9;3,3;45,8;137,8
B1;30;57,0;87,0;90,0;15457,1;501,1;0,831;11,95;174,8;74,8;4,0;53,8;179,0
B1;35;57,0;92,0;95,0;15457,1;501,1;1,129;13,72;239,1;101,6;4,0;61,7;225,9
B1;40;57,0;97,0;100,0;15457,1;558,4;1,483;15,5;312,1;133,5;4,5;69,8;280,4
B1;45;57,0;102,0;105,0;15457,1;615,7;1,9;17,07;393,6;171,0;4,9;76,8;341,2
B1;50;57,0;107,0;110,0;15457,1;615,7;2,386;26,57;497,1;214,7;4,9;119,6;458,0
B1;55;57,0;112,0;115,0;15457,1;644,3;2,94;30,12;639,0;264,6;5,2;135,6;547,2
B1;60;57,0;117,0;120,0;15457,1;673,0;3,568;33,47;798,3;321,1;5,4;150,6;644,1
B1;65;57,0;122,0;125,0;15457,1;673,0;4,27;36,66;973,8;384,3;5,4;164,9;748,8
B1;70;57,0;127,0;130,0;15457,1;730,2;5,049;40,04;1165,8;454,4;5,8;180,2;864,6
B1;75;57,0;132,0;135,0;15457,1;758,9;5,909;43,34;1374,3;531,8;6,1;195,0;989,4
B1;80;57,0;137,0;140,0;15457,1;787,5;6,853;46,75;1599,6;616,8;6,3;210,4;1125,1
B1;85;57,0;142,0;145,0;15457,1;787,5;7,883;50,34;1842,5;709,5;6,3;226,5;1272,1
B1;90;57,0;147,0;150,0;15457,1;816,2;9,001;54,04;2103,4;810,1;6,5;243,2;1430,7
B1;95;57,0;152,0;155,0;15457,1;816,2;10,21;58,97;2386,0;918,9;6,5;265,3;1607,5
B1;100;57,0;157,0;160,0;15457,1;844,8;11,509;62,97;2690,6;1035,8;6,8;283,3;1790,0
B1;105;57,0;162,0;165,0;15457,1;873,4;12,903;67,13;3015,7;1161,3;7,0;302,1;1985,0
B1;110;57,0;167,0;170,0;15457,1;873,4;14,393;71,65;3362,7;1295,4;7,0;322,4;2193,5
B1;115;57,0;172,0;175,0;15457,1;930,7;15,983;76,31;3732,6;1438,5;7,4;343,4;2415,6
B1;120;57,0;177,0;180,0;15457,1;930,7;17,677;80,92;4125,8;1590,9;7,4;364,1;2649,4
B2;20;68,5;88,5;91,5;2561,7;214,8;0,201;1,43;13,4;18,1;1,7;6,4;35,4
B2;25;68,5;93,5;96,5;2561,7;257,7;0,303;1,83;21,4;27,3;2,1;8,2;50,7
B2;30;68,5;98,5;101,5;2561,7;300,7;0,434;2,42;32,2;39,1;2,4;10,9;70,7
B2;35;68,5;103,5;106,5;2561,7;372,3;0,599;3,02;45,5;53,9;3,0;13,6;95,1
B2;40;68,5;108,5;111,5;2561,7;458,2;0,809;3,74;62,4;72,8;3,7;16,8;126,0
B2;45;68,5;113,5;116,5;2561,7;501,1;1,07;4,34;82,7;96,3;4,0;19,5;161,8
B2;50;68,5;118,5;121,5;2561,7;1274,3;4,071;5,03;106,1;366,4;10,2;22,6;538,9
B2;55;68,5;123,5;126,5;2561,7;1317,3;5,05;5,72;132,9;454,5;10,5;25,8;662,6
B2;60;68,5;128,5;131,5;2561,7;1360,3;6,179;6,48;163,5;556,1;10,9;29,2;804,8
B2;65;68,5;133,5;136,5;2561,7;1360,3;7,459;7,23;197,7;671,3;10,9;32,5;964,9
B2;70;68,5;138,5;141,5;2561,7;1360,3;8,891;8,09;235,8;800,2;10,9;36,4;1144,1
B2;75;68,5;143,5;146,5;2561,7;1431,9;10,48;9,11;278,7;943,2;11,5;41,0;1344,1
B2;80;68,5;148,5;151,5;2561,7;1431,9;12,229;10,1;326,6;1100,6;11,5;45,5;1562,7
B2;85;68,5;153,5;156,5;2561,7;1460,5;14,138;11,06;379,6;1272,4;11,7;49,8;1800,7
B2;90;68,5;158,5;161,5;2561,7;1460,5;16,211;12,13;437,6;1459,0;11,7;54,6;2059,1
B2;95;68,5;163,5;166,5;2561,7;1460,5;18,446;13,18;500,8;1660,1;11,7;59,3;2337,1
B2;100;68,5;168,5;171,5;2561,7;1503,4;20,844;14,29;569,4;1876,0;12,0;64,3;2635,6
B2;105;68,5;173,5;176,5;2561,7;1546,4;23,409;15,33;643,6;2106,8;12,4;69,0;2954,0
B2;110;68,5;178,5;181,5;2561,7;1546,4;26,146;16,36;722,8;2353,1;12,4;73,6;3292,8
B2;115;68,5;183,5;186,5;2561,7;1589,4;29,056;18,46;809,8;2615,0;12,7;83,0;3659,6
B2;120;68,5;188,5;191,5;2561,7;1589,4;32,144;19,7;905,2;2893,0;12,7;88,7;4042,4
B3;20;72,5;92,5;95,5;12774,4;415,2;0,404;2,17;27,0;36,4;3,3;9,8;66,8
B3;25;72,5;97,5;100,5;12774,4;443,9;0,612;2,55;38,8;55,1;3,6;11,5;94,7
B3;30;72,5;102,5;105,5;12774,4;443,9;0,869;2,87;52,3;78,2;3,6;12,9;127,8
B3;35;72,5;107,5;110,5;12774,4;472,5;1,176;10,98;84,7;105,8;3,8;49,4;214,7
B3;40;72,5;112,5;115,5;12774,4;472,5;1,535;13,12;144,8;138,2;3,8;59,0;271,3
B3;45;72,5;117,5;120,5;12774,4;501,1;1,946;14,98;215,3;175,1;4,0;67,4;332,9
B3;50;72,5;122,5;125,5;12774,4;529,8;2,412;16,68;294,5;217,1;4,2;75,0;400,1
B3;55;72,5;127,5;130,5;12774,4;529,8;2,938;18,59;383,1;264,4;4,2;83,6;475,6
B3;60;72,5;132,5;135,5;12774,4;587,1;3,522;20,47;480,6;317,0;4,7;92,1;558,6
B3;65;72,5;137,5;140,5;12774,4;587,1;4,171;22,31;587,7;375,4;4,7;100,4;648,6
B3;70;72,5;142,5;145,5;12774,4;615,7;4,888;24,2;704,1;439,9;4,9;108,9;747,6
B3;75;72,5;147,5;150,5;12774,4;673,0;5,674;26,15;830,0;510,7;5,4;117,7;855,5
B3;80;72,5;152,5;155,5;12774,4;701,6;6,537;29,4;969,5;588,3;5,6;132,3;980,4
B3;85;72,5;157,5;160,5;12774,4;758,9;7,478;31,73;1122,3;673,0;6,1;142,8;1109,5
B3;90;72,5;162,5;165,5;12774,4;787,5;8,506;34,2;1286,9;765,5;6,3;153,9;1249,8
B3;95;72,5;167,5;170,5;12774,4;873,4;9,625;36,84;1464,5;866,2;7,0;165,8;1402,7
B3;100;72,5;172,5;175,5;12774,4;902,1;10,84;39,69;1655,8;975,6;7,2;178,6;1567,9
B3;105;72,5;177,5;180,5;12774,4;930,7;12,156;42,46;1861,4;1094,0;7,4;191,0;1744,9
B3;110;72,5;182,5;185,5;12774,4;1016,6;13,578;45,27;2080,8;1222,0;8,1;203,7;1935,7
B3;115;72,5;187,5;190,5;12774,4;1016,6;15,115;48,39;2315,0;1360,3;8,1;217,7;2141,4
B3;120;72,5;192,5;195,5;12774,4;1073,9;16,765;51,75;2565,0;1508,8;8,6;232,9;2362,9
