barragem;estaca_m;cota_m;cota_eixo_m
B1;-6000,0;239,98;57,0
B1;-5985,7;234,92;57,0
B1;-5971,4;234,92;57,0
B1;-5957,0;232,84;57,0
B1;-5942,7;232,84;57,0
B1;-5928,4;233,44;57,0
B1;-5914,1;233,44;57,0
B1;-5899,8;237,06;57,0
B1;-5885,5;237,06;57,0
B1;-5871,1;238,27;57,0
B1;-5856,8;238,27;57,0
B1;-5842,5;236,79;57,0
B1;-5828,2;236,79;57,0
B1;-5813,9;232,49;57,0
B1;-5799,5;232,49;57,0
B1;-5785,2;226,98;57,0
B1;-5770,9;226,98;57,0
B1;-5756,6;225,76;57,0
B1;-5742,3;225,76;57,0
B1;-5727,9;224,91;57,0
B1;-5713,6;224,91;57,0
B1;-5699,3;225,26;57,0
B1;-5685,0;225,26;57,0
B1;-5670,7;226,68;57,0
B1;-5656,4;226,68;57,0
B1;-5642,0;227,02;57,0
B1;-5627,7;227,02;57,0
B1;-5613,4;228,44;57,0
B1;-5599,1;228,44;57,0
B1;-5584,8;234,28;57,0
B1;-5570,4;234,28;57,0
B1;-5556,1;237,83;57,0
B1;-5541,8;237,83;57,0
B1;-5527,5;240,77;57,0
B1;-5513,2;240,77;57,0
B1;-5498,9;244,67;57,0
B1;-5484,5;244,67;57,0
B1;-5470,2;247,03;57,0
B1;-5455,9;247,03;57,0
B1;-5441,6;250,02;57,0
B1;-5427,3;250,02;57,0
B1;-5412,9;251,9;57,0
B1;-5398,6;251,9;57,0
B1;-5384,3;256,24;57,0
B1;-5370,0;256,24;57,0
B1;-5355,7;261,81;57,0
B1;-5341,3;261,81;57,0
B1;-5327,0;269,51;57,0
B1;-5312,7;269,51;57,0
B1;-5298,4;277,95;57,0
B1;-5284,1;277,95;57,0
B1;-5269,8;284,9;57,0
B1;-5255,4;284,9;57,0
B1;-5241,1;290,95;57,0
B1;-5226,8;290,95;57,0
B1;-5212,5;298,98;57,0
B1;-5198,2;298,98;57,0
B1;-5183,8;309,85;57,0
B1;-5169,5;309,85;57,0
B1;-5155,2;320,46;57,0
B1;-5140,9;320,46;57,0
B1;-5126,6;326,13;57,0
B1;-5112,3;326,13;57,0
B1;-5097,9;336,95;57,0
B1;-5083,6;336,95;57,0
B1;-5069,3;346,62;57,0
B1;-5055,0;346,62;57,0
B1;-5040,7;357,0;57,0
B1;-5026,3;357,0;57,0
B1;-5012,0;365,23;57,0
B1;-4997,7;365,23;57,0
B1;-4983,4;378,23;57,0
B1;-4969,1;378,23;57,0
B1;-4954,7;386,66;57,0
B1;-4940,4;386,66;57,0
B1;-4926,1;389,57;57,0
B1;-4911,8;389,57;57,0
B1;-4897,5;393,98;57,0
B1;-4883,2;393,98;57,0
B1;-4868,8;399,86;57,0
B1;-4854,5;399,86;57,0
B1;-4840,2;400,0;57,0
B1;-4825,9;400,0;57,0
B1;-4811,6;401,79;57,0
B1;-4797,2;401,79;57,0
B1;-4782,9;408,87;57,0
B1;-4768,6;408,87;57,0
B1;-4754,3;412,82;57,0
B1;-4740,0;412,82;57,0
B1;-4725,7;417,9;57,0
B1;-4711,3;417,9;57,0
B1;-4697,0;418,1;57,0
B1;-4682,7;418,1;57,0
B1;-4668,4;420,82;57,0
B1;-4654,1;420,82;57,0
B1;-4639,7;427,04;57,0
B1;-4625,4;427,04;57,0
B1;-4611,1;429,39;57,0
B1;-4596,8;429,39;57,0
B1;-4582,5;434,37;57,0
B1;-4568,1;434,37;57,0
B1;-4553,8;444,28;57,0
B1;-4539,5;444,28;57,0
B1;-4525,2;446,75;57,0
B1;-4510,9;446,75;57,0
B1;-4496,6;451,12;57,0
B1;-4482,2;451,12;57,0
B1;-4467,9;451,47;57,0
B1;-4453,6;451,47;57,0
B1;-4439,3;449,31;57,0
B1;-4425,0;449,31;57,0
B1;-4410,6;446,17;57,0
B1;-4396,3;446,17;57,0
B1;-4382,0;446,1;57,0
B1;-4367,7;446,1;57,0
B1;-4353,4;438,41;57,0
B1;-4339,1;438,41;57,0
B1;-4324,7;434,73;57,0
B1;-4310,4;434,73;57,0
B1;-4296,1;431,88;57,0
B1;-4281,8;431,88;57,0
B1;-4267,5;431,03;57,0
B1;-4253,1;431,03;57,0
B1;-4238,8;431,16;57,0
B1;-4224,5;431,16;57,0
B1;-4210,2;432,47;57,0
B1;-4195,9;432,47;57,0
B1;-4181,5;434,71;57,0
B1;-4167,2;434,71;57,0
B1;-4152,9;436,79;57,0
B1;-4138,6;436,79;57,0
B1;-4124,3;441,12;57,0
B1;-4110,0;441,12;57,0
B1;-4095,6;446,67;57,0
B1;-4081,3;446,67;57,0
B1;-4067,0;447,36;57,0
B1;-4052,7;447,36;57,0
B1;-4038,4;446,22;57,0
B1;-4024,0;446,22;57,0
B1;-4009,7;443,51;57,0
B1;-3995,4;443,51;57,0
B1;-3981,1;440,48;57,0
B1;-3966,8;440,48;57,0
B1;-3952,5;440,47;57,0
B1;-3938,1;440,47;57,0
B1;-3923,8;440,95;57,0
B1;-3909,5;440,95;57,0
B1;-3895,2;444,44;57,0
B1;-3880,9;444,44;57,0
B1;-3866,5;433,53;57,0
B1;-3852,2;433,53;57,0
B1;-3837,9;436,72;57,0
B1;-3823,6;436,72;57,0
B1;-3809,3;440,93;57,0
B1;-3794,9;440,93;57,0
B1;-3780,6;441,51;57,0
B1;-3766,3;441,51;57,0
B1;-3752,0;442,7;57,0
B1;-3737,7;442,7;57,0
B1;-3723,4;435,8;57,0
B1;-3709,0;435,8;57,0
B1;-3694,7;429,1;57,0
B1;-3680,4;429,1;57,0
B1;-3666,1;422,05;57,0
B1;-3651,8;422,05;57,0
B1;-3637,4;417,78;57,0
B1;-3623,1;417,78;57,0
B1;-3608,8;410,42;57,0
B1;-3594,5;410,42;57,0
B1;-3580,2;406,48;57,0
B1;-3565,9;406,48;57,0
B1;-3551,5;399,52;57,0
B1;-3537,2;399,52;57,0
B1;-3522,9;391,92;57,0
B1;-3508,6;391,92;57,0
B1;-3494,3;383,32;57,0
B1;-3479,9;383,32;57,0
B1;-3465,6;375,37;57,0
B1;-3451,3;375,37;57,0
B1;-3437,0;356,96;57,0
B1;-3422,7;356,96;57,0
B1;-3408,3;350,06;57,0
B1;-3394,0;350,06;57,0
B1;-3379,7;340,59;57,0
B1;-3365,4;340,59;57,0
B1;-3351,1;328,76;57,0
B1;-3336,8;328,76;57,0
B1;-3322,4;327,46;57,0
B1;-3308,1;327,46;57,0
B1;-3293,8;335,42;57,0
B1;-3279,5;335,42;57,0
B1;-3265,2;342,36;57,0
B1;-3250,8;342,36;57,0
B1;-3236,5;351,92;57,0
B1;-3222,2;351,92;57,0
B1;-3207,9;363,41;57,0
B1;-3193,6;363,41;57,0
B1;-3179,3;371,7;57,0
B1;-3164,9;371,7;57,0
B1;-3150,6;380,49;57,0
B1;-3136,3;380,49;57,0
B1;-3122,0;393,87;57,0
B1;-3107,7;393,87;57,0
B1;-3093,3;394,46;57,0
B1;-3079,0;394,46;57,0
B1;-3064,7;396,05;57,0
B1;-3050,4;396,05;57,0
B1;-3036,1;397,89;57,0
B1;-3021,7;397,89;57,0
B1;-3007,4;402,48;57,0
B1;-2993,1;402,48;57,0
B1;-2978,8;407,13;57,0
B1;-2964,5;407,13;57,0
B1;-2950,2;413,63;57,0
B1;-2935,8;413,63;57,0
B1;-2921,5;417,13;57,0
B1;-2907,2;417,13;57,0
B1;-2892,9;418,18;57,0
B1;-2878,6;418,18;57,0
B1;-2864,2;421,63;57,0
B1;-2849,9;421,63;57,0
B1;-2835,6;425,14;57,0
B1;-2821,3;425,14;57,0
B1;-2807,0;424,18;57,0
B1;-2792,7;424,18;57,0
B1;-2778,3;423,52;57,0
B1;-2764,0;423,52;57,0
B1;-2749,7;420,89;57,0
B1;-2735,4;420,89;57,0
B1;-2721,1;419,01;57,0
B1;-2706,7;419,01;57,0
B1;-2692,4;420,22;57,0
B1;-2678,1;420,22;57,0
B1;-2663,8;415,92;57,0
B1;-2649,5;415,92;57,0
B1;-2635,1;414,07;57,0
B1;-2620,8;414,07;57,0
B1;-2606,5;412,92;57,0
B1;-2592,2;412,92;57,0
B1;-2577,9;412,88;57,0
B1;-2563,6;412,88;57,0
B1;-2549,2;413,0;57,0
B1;-2534,9;413,0;57,0
B1;-2520,6;405,22;57,0
B1;-2506,3;405,22;57,0
B1;-2492,0;385,02;57,0
B1;-2477,6;385,02;57,0
B1;-2463,3;381,61;57,0
B1;-2449,0;381,61;57,0
B1;-2434,7;379,88;57,0
B1;-2420,4;379,88;57,0
B1;-2406,1;378,85;57,0
B1;-2391,7;378,85;57,0
B1;-2377,4;375,21;57,0
B1;-2363,1;375,21;57,0
B1;-2348,8;373,96;57,0
B1;-2334,5;373,96;57,0
B1;-2320,1;367,6;57,0
B1;-2305,8;367,6;57,0
B1;-2291,5;365,64;57,0
B1;-2277,2;365,64;57,0
B1;-2262,9;363,91;57,0
B1;-2248,5;363,91;57,0
B1;-2234,2;361,71;57,0
B1;-2219,9;361,71;57,0
B1;-2205,6;358,22;57,0
B1;-2191,3;358,22;57,0
B1;-2177,0;343,34;57,0
B1;-2162,6;343,34;57,0
B1;-2148,3;336,31;57,0
B1;-2134,0;336,31;57,0
B1;-2119,7;337,18;57,0
B1;-2105,4;337,18;57,0
B1;-2091,0;342,55;57,0
B1;-2076,7;342,55;57,0
B1;-2062,4;347,32;57,0
B1;-2048,1;347,32;57,0
B1;-2033,8;355,63;57,0
B1;-2019,5;355,63;57,0
B1;-2005,1;360,2;57,0
B1;-1990,8;360,2;57,0
B1;-1976,5;364,7;57,0
B1;-1962,2;364,7;57,0
B1;-1947,9;372,93;57,0
B1;-1933,5;372,93;57,0
B1;-1919,2;383,15;57,0
B1;-1904,9;383,15;57,0
B1;-1890,6;402,63;57,0
B1;-1876,3;402,63;57,0
B1;-1861,9;411,7;57,0
B1;-1847,6;411,7;57,0
B1;-1833,3;422,14;57,0
B1;-1819,0;422,14;57,0
B1;-1804,7;430,6;57,0
B1;-1790,4;430,6;57,0
B1;-1776,0;439,45;57,0
B1;-1761,7;439,45;57,0
B1;-1747,4;448,01;57,0
B1;-1733,1;448,01;57,0
B1;-1718,8;453,77;57,0
B1;-1704,4;453,77;57,0
B1;-1690,1;461,39;57,0
B1;-1675,8;461,39;57,0
B1;-1661,5;467,58;57,0
B1;-1647,2;467,58;57,0
B1;-1632,9;474,32;57,0
B1;-1618,5;474,32;57,0
B1;-1604,2;477,55;57,0
B1;-1589,9;477,55;57,0
B1;-1575,6;479,0;57,0
B1;-1561,3;479,0;57,0
B1;-1546,9;475,15;57,0
B1;-1532,6;475,15;57,0
B1;-1518,3;472,74;57,0
B1;-1504,0;472,74;57,0
B1;-1489,7;470,37;57,0
B1;-1475,3;470,37;57,0
B1;-1461,0;467,22;57,0
B1;-1446,7;467,22;57,0
B1;-1432,4;460,78;57,0
B1;-1418,1;460,78;57,0
B1;-1403,8;458,84;57,0
B1;-1389,4;458,84;57,0
B1;-1375,1;454,26;57,0
B1;-1360,8;454,26;57,0
B1;-1346,5;451,04;57,0
B1;-1332,2;451,04;57,0
B1;-1317,8;449,61;57,0
B1;-1303,5;449,61;57,0
B1;-1289,2;446,28;57,0
B1;-1274,9;446,28;57,0
B1;-1260,6;429,86;57,0
B1;-1246,3;429,86;57,0
B1;-1231,9;416,16;57,0
B1;-1217,6;416,16;57,0
B1;-1203,3;404,85;57,0
B1;-1189,0;404,85;57,0
B1;-1174,7;391,79;57,0
B1;-1160,3;391,79;57,0
B1;-1146,0;381,78;57,0
B1;-1131,7;381,78;57,0
B1;-1117,4;372,3;57,0
B1;-1103,1;372,3;57,0
B1;-1088,7;362,54;57,0
B1;-1074,4;362,54;57,0
B1;-1060,1;351,97;57,0
B1;-1045,8;351,97;57,0
B1;-1031,5;346,43;57,0
B1;-1017,2;346,43;57,0
B1;-1002,8;342,23;57,0
B1;-988,5;342,23;57,0
B1;-974,2;341,23;57,0
B1;-959,9;341,23;57,0
B1;-945,6;348,92;57,0
B1;-931,2;348,92;57,0
B1;-916,9;353,3;57,0
B1;-902,6;353,3;57,0
B1;-888,3;353,61;57,0
B1;-874,0;353,61;57,0
B1;-859,7;351,62;57,0
B1;-845,3;351,62;57,0
B1;-831,0;347,81;57,0
B1;-816,7;347,81;57,0
B1;-802,4;341,15;57,0
B1;-788,1;341,15;57,0
B1;-773,7;333,56;57,0
B1;-759,4;333,56;57,0
B1;-745,1;324,17;57,0
B1;-730,8;324,17;57,0
B1;-716,5;313,2;57,0
B1;-702,1;313,2;57,0
B1;-687,8;304,89;57,0
B1;-673,5;304,89;57,0
B1;-659,2;296,11;57,0
B1;-644,9;296,11;57,0
B1;-630,6;270,73;57,0
B1;-616,2;270,73;57,0
B1;-601,9;259,46;57,0
B1;-587,6;259,46;57,0
B1;-573,3;244,6;57,0
B1;-559,0;244,6;57,0
B1;-544,6;234,34;57,0
B1;-530,3;234,34;57,0
B1;-516,0;221,71;57,0
B1;-501,7;221,71;57,0
B1;-487,4;218,92;57,0
B1;-473,1;218,92;57,0
B1;-458,7;216,58;57,0
B1;-444,4;216,58;57,0
B1;-430,1;213,64;57,0
B1;-415,8;213,64;57,0
B1;-401,5;209,51;57,0
B1;-387,1;209,51;57,0
B1;-372,8;206,06;57,0
B1;-358,5;206,06;57,0
B1;-344,2;189,73;57,0
B1;-329,9;189,73;57,0
B1;-315,5;173,23;57,0
B1;-301,2;173,23;57,0
B1;-286,9;157,53;57,0
B1;-272,6;157,53;57,0
B1;-258,3;139,29;57,0
B1;-244,0;139,29;57,0
B1;-229,6;127,75;57,0
B1;-215,3;127,75;57,0
B1;-201,0;113,53;57,0
B1;-186,7;113,53;57,0
B1;-172,4;101,76;57,0
B1;-158,0;101,76;57,0
B1;-143,7;97,17;57,0
B1;-129,4;97,17;57,0
B1;-115,1;89,68;57,0
B1;-100,8;89,68;57,0
B1;-86,5;81,34;57,0
B1;-72,1;81,34;57,0
B1;-57,8;71,85;57,0
B1;-43,5;71,85;57,0
B1;-29,2;64,65;57,0
B1;-14,9;64,65;57,0
B1;-0,5;57,0;57,0
B1;13,8;57,0;57,0
B1;28,1;57,0;57,0
B1;42,4;57,0;57,0
B1;56,7;57,0;57,0
B1;71,1;57,0;57,0
B1;85,4;57,0;57,0
B1;99,7;57,0;57,0
B1;114,0;57,0;57,0
B1;128,3;57,0;57,0
B1;142,6;57,0;57,0
B1;157,0;57,0;57,0
B1;171,3;57,0;57,0
B1;185,6;57,0;57,0
B1;199,9;57,13;57,0
B1;214,2;57,13;57,0
B1;228,6;61,58;57,0
B1;242,9;61,58;57,0
B1;257,2;67,72;57,0
B1;271,5;67,72;57,0
B1;285,8;78,36;57,0
B1;300,1;78,36;57,0
B1;314,5;87,04;57,0
B1;328,8;87,04;57,0
B1;343,1;89,99;57,0
B1;357,4;89,99;57,0
B1;371,7;99,25;57,0
B1;386,1;99,25;57,0
B1;400,4;103,68;57,0
B1;414,7;103,68;57,0
B1;429,0;115,01;57,0
B1;443,3;115,01;57,0
B1;457,7;127,52;57,0
B1;472,0;127,52;57,0
B1;486,3;134,19;57,0
B1;500,6;134,19;57,0
B1;514,9;149,84;57,0
B1;529,2;149,84;57,0
B1;543,6;163,22;57,0
B1;557,9;163,22;57,0
B1;572,2;171,66;57,0
B1;586,5;171,66;57,0
B1;600,8;186,14;57,0
B1;615,2;186,14;57,0
B1;629,5;186,14;57,0
B1;643,8;186,14;57,0
B1;658,1;189,09;57,0
B1;672,4;189,09;57,0
B1;686,7;192,75;57,0
B1;701,1;192,75;57,0
B1;715,4;190,2;57,0
B1;729,7;190,2;57,0
B1;744,0;196,12;57,0
B1;758,3;196,12;57,0
B1;772,7;201,94;57,0
B1;787,0;201,94;57,0
B1;801,3;204,41;57,0
B1;815,6;204,41;57,0
B1;829,9;207,34;57,0
B1;844,3;207,34;57,0
B1;858,6;208,26;57,0
B1;872,9;208,26;57,0
B1;887,2;209,29;57,0
B1;901,5;209,29;57,0
B1;915,8;214,55;57,0
B1;930,2;214,55;57,0
B1;944,5;213,74;57,0
B1;958,8;213,74;57,0
B1;973,1;213,61;57,0
B1;987,4;213,61;57,0
B1;1001,8;212,83;57,0
B1;1016,1;212,83;57,0
B1;1030,4;213,57;57,0
B1;1044,7;213,57;57,0
B1;1059,0;215,55;57,0
B1;1073,3;215,55;57,0
B1;1087,7;216,38;57,0
B1;1102,0;216,38;57,0
B1;1116,3;218,63;57,0
B1;1130,6;218,63;57,0
B1;1144,9;220,62;57,0
B1;1159,3;220,62;57,0
B1;1173,6;222,32;57,0
B1;1187,9;222,32;57,0
B1;1202,2;229,36;57,0
B1;1216,5;229,36;57,0
B1;1230,9;233,49;57,0
B1;1245,2;233,49;57,0
B1;1259,5;236,35;57,0
B1;1273,8;236,35;57,0
B1;1288,1;236,51;57,0
B1;1302,4;236,51;57,0
B1;1316,8;236,72;57,0
B1;1331,1;236,72;57,0
B1;1345,4;237,13;57,0
B1;1359,7;237,13;57,0
B1;1374,0;237,2;57,0
B1;1388,4;237,2;57,0
B1;1402,7;237,81;57,0
B1;1417,0;237,81;57,0
B1;1431,3;237,47;57,0
B1;1445,6;237,47;57,0
B1;1459,9;236,92;57,0
B1;1474,3;236,92;57,0
B1;1488,6;235,25;57,0
B1;1502,9;235,25;57,0
B1;1517,2;241,34;57,0
B1;1531,5;241,34;57,0
B1;1545,9;245,77;57,0
B1;1560,2;245,77;57,0
B1;1574,5;247,6;57,0
B1;1588,8;247,6;57,0
B1;1603,1;253,92;57,0
B1;1617,5;253,92;57,0
B1;1631,8;260,92;57,0
B1;1646,1;260,92;57,0
B1;1660,4;270,56;57,0
B1;1674,7;270,56;57,0
B1;1689,0;276,29;57,0
B1;1703,4;276,29;57,0
B1;1717,7;295,46;57,0
B1;1732,0;295,46;57,0
B1;1746,3;302,84;57,0
B1;1760,6;302,84;57,0
B1;1775,0;307,02;57,0
B1;1789,3;307,02;57,0
B1;1803,6;307,64;57,0
B1;1817,9;307,64;57,0
B1;1832,2;317,51;57,0
B1;1846,5;317,51;57,0
B1;1860,9;318,08;57,0
B1;1875,2;318,08;57,0
B1;1889,5;317,52;57,0
B1;1903,8;317,52;57,0
B1;1918,1;317,41;57,0
B1;1932,5;317,41;57,0
B1;1946,8;316,52;57,0
B1;1961,1;316,52;57,0
B1;1975,4;311,53;57,0
B1;1989,7;311,53;57,0
B1;2004,1;305,4;57,0
B1;2018,4;305,4;57,0
B1;2032,7;304,53;57,0
B1;2047,0;304,53;57,0
B1;2061,3;301,58;57,0
B1;2075,6;301,58;57,0
B1;2090,0;295,77;57,0
B1;2104,3;295,77;57,0
B1;2118,6;294,06;57,0
B1;2132,9;294,06;57,0
B1;2147,2;291,77;57,0
B1;2161,6;291,77;57,0
B1;2175,9;289,08;57,0
B1;2190,2;289,08;57,0
B1;2204,5;289,01;57,0
B1;2218,8;289,01;57,0
B1;2233,1;290,71;57,0
B1;2247,5;290,71;57,0
B1;2261,8;293,48;57,0
B1;2276,1;293,48;57,0
B1;2290,4;296,68;57,0
B1;2304,7;296,68;57,0
B1;2319,1;306,54;57,0
B1;2333,4;306,54;57,0
B1;2347,7;314,56;57,0
B1;2362,0;314,56;57,0
B1;2376,3;320,06;57,0
B1;2390,7;320,06;57,0
B1;2405,0;324,71;57,0
B1;2419,3;324,71;57,0
B1;2433,6;326,07;57,0
B1;2447,9;326,07;57,0
B1;2462,2;323,52;57,0
B1;2476,6;323,52;57,0
B1;2490,9;323,54;57,0
B1;2505,2;323,54;57,0
B1;2519,5;324,45;57,0
B1;2533,8;324,45;57,0
B1;2548,2;327,96;57,0
B1;2562,5;327,96;57,0
B1;2576,8;331,34;57,0
B1;2591,1;331,34;57,0
B1;2605,4;331,01;57,0
B1;2619,8;331,01;57,0
B1;2634,1;329,63;57,0
B1;2648,4;329,63;57,0
B1;2662,7;329,63;57,0
B1;2677,0;329,63;57,0
B1;2691,3;331,46;57,0
B1;2705,7;331,46;57,0
B1;2720,0;332,73;57,0
B1;2734,3;332,73;57,0
B1;2748,6;336,93;57,0
B1;2762,9;336,93;57,0
B1;2777,3;337,07;57,0
B1;2791,6;337,07;57,0
B1;2805,9;337,22;57,0
B1;2820,2;337,22;57,0
B1;2834,5;337,53;57,0
B1;2848,8;337,53;57,0
B1;2863,2;339,43;57,0
B1;2877,5;339,43;57,0
B1;2891,8;339,54;57,0
B1;2906,1;339,54;57,0
B1;2920,4;342,43;57,0
B1;2934,8;342,43;57,0
B1;2949,1;343,98;57,0
B1;2963,4;343,98;57,0
B1;2977,7;346,04;57,0
B1;2992,0;346,04;57,0
B1;3006,4;352,24;57,0
B1;3020,7;352,24;57,0
B1;3035,0;358,66;57,0
B1;3049,3;358,66;57,0
B1;3063,6;370,11;57,0
B1;3077,9;370,11;57,0
B1;3092,3;375,3;57,0
B1;3106,6;375,3;57,0
B1;3120,9;378,27;57,0
B1;3135,2;378,27;57,0
B1;3149,5;385,74;57,0
B1;3163,9;385,74;57,0
B1;3178,2;392,98;57,0
B1;3192,5;392,98;57,0
B1;3206,8;392,83;57,0
B1;3221,1;392,83;57,0
B1;3235,4;392,44;57,0
B1;3249,8;392,44;57,0
B1;3264,1;392,23;57,0
B1;3278,4;392,23;57,0
B1;3292,7;396,34;57,0
B1;3307,0;396,34;57,0
B1;3321,4;399,69;57,0
B1;3335,7;399,69;57,0
B1;3350,0;400,43;57,0
B1;3364,3;400,43;57,0
B1;3378,6;404,08;57,0
B1;3393,0;404,08;57,0
B1;3407,3;403,82;57,0
B1;3421,6;403,82;57,0
B1;3435,9;406,86;57,0
B1;3450,2;406,86;57,0
B1;3464,5;406,83;57,0
B1;3478,9;406,83;57,0
B1;3493,2;407,02;57,0
B1;3507,5;407,02;57,0
B1;3521,8;407,01;57,0
B1;3536,1;407,01;57,0
B1;3550,5;405,99;57,0
B1;3564,8;405,99;57,0
B1;3579,1;410,67;57,0
B1;3593,4;410,67;57,0
B1;3607,7;416,58;57,0
B1;3622,0;416,58;57,0
B1;3636,4;418,55;57,0
B1;3650,7;418,55;57,0
B1;3665,0;418,79;57,0
B1;3679,3;418,79;57,0
B1;3693,6;422,72;57,0
B1;3708,0;422,72;57,0
B1;3722,3;427,66;57,0
B1;3736,6;427,66;57,0
B1;3750,9;433,07;57,0
B1;3765,2;433,07;57,0
B1;3779,6;434,67;57,0
B1;3793,9;434,67;57,0
B1;3808,2;435,17;57,0
B1;3822,5;435,17;57,0
B1;3836,8;436,02;57,0
B1;3851,1;436,02;57,0
B1;3865,5;436,91;57,0
B1;3879,8;436,91;57,0
B1;3894,1;438,99;57,0
B1;3908,4;438,99;57,0
B1;3922,7;440,32;57,0
B1;3937,1;440,32;57,0
B1;3951,4;440,61;57,0
B1;3965,7;440,61;57,0
B1;3980,0;441,12;57,0
B1;3994,3;441,12;57,0
B1;4008,6;439,52;57,0
B1;4023,0;439,52;57,0
B1;4037,3;442,27;57,0
B1;4051,6;442,27;57,0
B1;4065,9;444,39;57,0
B1;4080,2;444,39;57,0
B1;4094,6;443,68;57,0
B1;4108,9;443,68;57,0
B1;4123,2;439,56;57,0
B1;4137,5;439,56;57,0
B1;4151,8;433,69;57,0
B1;4166,2;433,69;57,0
B1;4180,5;427,11;57,0
B1;4194,8;427,11;57,0
B1;4209,1;421,08;57,0
B1;4223,4;421,08;57,0
B1;4237,7;414,84;57,0
B1;4252,1;414,84;57,0
B1;4266,4;404,98;57,0
B1;4280,7;404,98;57,0
B1;4295,0;400,24;57,0
B1;4309,3;400,24;57,0
B1;4323,7;396,79;57,0
B1;4338,0;396,79;57,0
B1;4352,3;396,54;57,0
B1;4366,6;396,54;57,0
B1;4380,9;395,28;57,0
B1;4395,2;395,28;57,0
B1;4409,6;393,38;57,0
B1;4423,9;393,38;57,0
B1;4438,2;388,94;57,0
B1;4452,5;388,94;57,0
B1;4466,8;384,55;57,0
B1;4481,2;384,55;57,0
B1;4495,5;378,9;57,0
B1;4509,8;378,9;57,0
B1;4524,1;376,92;57,0
B1;4538,4;376,92;57,0
B1;4552,8;377,49;57,0
B1;4567,1;377,49;57,0
B1;4581,4;381,63;57,0
B1;4595,7;381,63;57,0
B1;4610,0;391,35;57,0
B1;4624,3;391,35;57,0
B1;4638,7;391,35;57,0
B1;4653,0;391,35;57,0
B1;4667,3;387,81;57,0
B1;4681,6;387,81;57,0
B1;4695,9;382,22;57,0
B1;4710,3;382,22;57,0
B1;4724,6;382,88;57,0
B1;4738,9;382,88;57,0
B1;4753,2;383,74;57,0
B1;4767,5;383,74;57,0
B1;4781,8;383,56;57,0
B1;4796,2;383,56;57,0
B1;4810,5;382,32;57,0
B1;4824,8;382,32;57,0
B1;4839,1;377,02;57,0
B1;4853,4;377,02;57,0
B1;4867,8;373,48;57,0
B1;4882,1;373,48;57,0
B1;4896,4;365,29;57,0
B1;4910,7;365,29;57,0
B1;4925,0;348,01;57,0
B1;4939,4;348,01;57,0
B1;4953,7;333,34;57,0
B1;4968,0;333,34;57,0
B1;4982,3;322,58;57,0
B1;4996,6;322,58;57,0
B1;5010,9;306,11;57,0
B1;5025,3;306,11;57,0
B1;5039,6;294,04;57,0
B1;5053,9;294,04;57,0
B1;5068,2;274,26;57,0
B1;5082,5;274,26;57,0
B1;5096,9;259,01;57,0
B1;5111,2;259,01;57,0
B1;5125,5;242,62;57,0
B1;5139,8;242,62;57,0
B1;5154,1;233,9;57,0
B1;5168,4;233,9;57,0
B1;5182,8;220,57;57,0
B1;5197,1;220,57;57,0
B1;5211,4;206,69;57,0
B1;5225,7;206,69;57,0
B1;5240,0;183,8;57,0
B1;5254,4;183,8;57,0
B1;5268,7;183,85;57,0
B1;5283,0;183,85;57,0
B1;5297,3;193,11;57,0
B1;5311,6;193,11;57,0
B1;5326,0;215,05;57,0
B1;5340,3;215,05;57,0
B1;5354,6;227,73;57,0
B1;5368,9;227,73;57,0
B1;5383,2;238,16;57,0
B1;5397,5;238,16;57,0
B1;5411,9;245,63;57,0
B1;5426,2;245,63;57,0
B1;5440,5;267,9;57,0
B1;5454,8;267,9;57,0
B1;5469,1;284,86;57,0
B1;5483,5;284,86;57,0
B1;5497,8;305,31;57,0
B1;5512,1;305,31;57,0
B1;5526,4;327,2;57,0
B1;5540,7;327,2;57,0
B1;5555,0;358,03;57,0
B1;5569,4;358,03;57,0
B1;5583,7;373,27;57,0
B1;5598,0;373,27;57,0
B1;5612,3;383,63;57,0
B1;5626,6;383,63;57,0
B1;5641,0;387,46;57,0
B1;5655,3;387,46;57,0
B1;5669,6;389,61;57,0
B1;5683,9;389,61;57,0
B1;5698,2;389,88;57,0
B1;5712,6;389,88;57,0
B1;5726,9;388,39;57,0
B1;5741,2;388,39;57,0
B1;5755,5;386,37;57,0
B1;5769,8;386,37;57,0
B1;5784,1;383,2;57,0
B1;5798,5;383,2;57,0
B1;5812,8;383,2;57,0
B1;5827,1;383,2;57,0
B1;5841,4;383,96;57,0
B1;5855,7;383,96;57,0
B1;5870,1;387,66;57,0
B1;5884,4;387,66;57,0
B1;5898,7;391,49;57,0
B1;5913,0;391,49;57,0
B1;5927,3;393,6;57,0
B1;5941,6;393,6;57,0
B1;5956,0;395,58;57,0
B1;5970,3;395,58;57,0
B1;5984,6;398,57;57,0
B1;5998,9;398,57;57,0
B1;6013,2;401,66;57,0
B2;-6000,0;352,84;68,5
B2;-5985,7;352,84;68,5
B2;-5971,4;353,29;68,5
B2;-5957,0;353,29;68,5
B2;-5942,7;353,29;68,5
B2;-5928,4;349,84;68,5
B2;-5914,1;349,84;68,5
B2;-5899,8;349,84;68,5
B2;-5885,5;345,22;68,5
B2;-5871,1;345,22;68,5
B2;-5856,8;345,22;68,5
B2;-5842,5;333,44;68,5
B2;-5828,2;333,44;68,5
B2;-5813,9;333,44;68,5
B2;-5799,5;315,08;68,5
B2;-5785,2;315,08;68,5
B2;-5770,9;306,36;68,5
B2;-5756,6;306,36;68,5
B2;-5742,3;306,36;68,5
B2;-5727,9;271,38;68,5
B2;-5713,6;271,38;68,5
B2;-5699,3;271,38;68,5
B2;-5685,0;252,96;68,5
B2;-5670,7;252,96;68,5
B2;-5656,4;252,96;68,5
B2;-5642,0;263,48;68,5
B2;-5627,7;263,48;68,5
B2;-5613,4;263,48;68,5
B2;-5599,1;291,05;68,5
B2;-5584,8;291,05;68,5
B2;-5570,4;291,05;68,5
B2;-5556,1;312,62;68,5
B2;-5541,8;312,62;68,5
B2;-5527,5;324,89;68,5
B2;-5513,2;324,89;68,5
B2;-5498,9;324,89;68,5
B2;-5484,5;328,45;68,5
B2;-5470,2;328,45;68,5
B2;-5455,9;328,45;68,5
B2;-5441,6;342,81;68,5
B2;-5427,3;342,81;68,5
B2;-5412,9;342,81;68,5
B2;-5398,6;355,35;68,5
B2;-5384,3;355,35;68,5
B2;-5370,0;355,35;68,5
B2;-5355,7;360,02;68,5
B2;-5341,3;360,02;68,5
B2;-5327,0;360,02;68,5
B2;-5312,7;365,31;68,5
B2;-5298,4;365,31;68,5
B2;-5284,1;367,64;68,5
B2;-5269,8;367,64;68,5
B2;-5255,4;367,64;68,5
B2;-5241,1;371,23;68,5
B2;-5226,8;371,23;68,5
B2;-5212,5;371,23;68,5
B2;-5198,2;374,61;68,5
B2;-5183,8;374,61;68,5
B2;-5169,5;374,61;68,5
B2;-5155,2;381,07;68,5
B2;-5140,9;381,07;68,5
B2;-5126,6;381,07;68,5
B2;-5112,3;386,31;68,5
B2;-5097,9;386,31;68,5
B2;-5083,6;386,31;68,5
B2;-5069,3;397,15;68,5
B2;-5055,0;397,15;68,5
B2;-5040,7;405,48;68,5
B2;-5026,3;405,48;68,5
B2;-5012,0;405,48;68,5
B2;-4997,7;409,91;68,5
B2;-4983,4;409,91;68,5
B2;-4969,1;409,91;68,5
B2;-4954,7;415,64;68,5
B2;-4940,4;415,64;68,5
B2;-4926,1;415,64;68,5
B2;-4911,8;432,09;68,5
B2;-4897,5;432,09;68,5
B2;-4883,2;432,09;68,5
B2;-4868,8;446,55;68,5
B2;-4854,5;446,55;68,5
B2;-4840,2;446,55;68,5
B2;-4825,9;458,4;68,5
B2;-4811,6;458,4;68,5
B2;-4797,2;467,05;68,5
B2;-4782,9;467,05;68,5
B2;-4768,6;467,05;68,5
B2;-4754,3;475,39;68,5
B2;-4740,0;475,39;68,5
B2;-4725,7;475,39;68,5
B2;-4711,3;491,99;68,5
B2;-4697,0;491,99;68,5
B2;-4682,7;491,99;68,5
B2;-4668,4;497,24;68,5
B2;-4654,1;497,24;68,5
B2;-4639,7;497,24;68,5
B2;-4625,4;500,79;68,5
B2;-4611,1;500,79;68,5
B2;-4596,8;500,79;68,5
B2;-4582,5;504,65;68,5
B2;-4568,1;504,65;68,5
B2;-4553,8;512,13;68,5
B2;-4539,5;512,13;68,5
B2;-4525,2;512,13;68,5
B2;-4510,9;519,49;68,5
B2;-4496,6;519,49;68,5
B2;-4482,2;519,49;68,5
B2;-4467,9;526,47;68,5
B2;-4453,6;526,47;68,5
B2;-4439,3;526,47;68,5
B2;-4425,0;523,26;68,5
B2;-4410,6;523,26;68,5
B2;-4396,3;523,26;68,5
B2;-4382,0;518,2;68,5
B2;-4367,7;518,2;68,5
B2;-4353,4;507,6;68,5
B2;-4339,1;507,6;68,5
B2;-4324,7;507,6;68,5
B2;-4310,4;500,38;68,5
B2;-4296,1;500,38;68,5
B2;-4281,8;500,38;68,5
B2;-4267,5;486,58;68,5
B2;-4253,1;486,58;68,5
B2;-4238,8;486,58;68,5
B2;-4224,5;464,9;68,5
B2;-4210,2;464,9;68,5
B2;-4195,9;464,9;68,5
B2;-4181,5;446,49;68,5
B2;-4167,2;446,49;68,5
B2;-4152,9;446,49;68,5
B2;-4138,6;434,49;68,5
B2;-4124,3;434,49;68,5
B2;-4110,0;415,14;68,5
B2;-4095,6;415,14;68,5
B2;-4081,3;415,14;68,5
B2;-4067,0;413,18;68,5
B2;-4052,7;413,18;68,5
B2;-4038,4;413,18;68,5
B2;-4024,0;406,24;68,5
B2;-4009,7;406,24;68,5
B2;-3995,4;406,24;68,5
B2;-3981,1;405,02;68,5
B2;-3966,8;405,02;68,5
B2;-3952,5;405,02;68,5
B2;-3938,1;398,96;68,5
B2;-3923,8;398,96;68,5
B2;-3909,5;398,96;68,5
B2;-3895,2;380,34;68,5
B2;-3880,9;380,34;68,5
B2;-3866,5;377,08;68,5
B2;-3852,2;377,08;68,5
B2;-3837,9;377,08;68,5
B2;-3823,6;376,6;68,5
B2;-3809,3;376,6;68,5
B2;-3794,9;376,6;68,5
B2;-3780,6;378,15;68,5
B2;-3766,3;378,15;68,5
B2;-3752,0;378,15;68,5
B2;-3737,7;382,56;68,5
B2;-3723,4;382,56;68,5
B2;-3709,0;382,56;68,5
B2;-3694,7;388,84;68,5
B2;-3680,4;388,84;68,5
B2;-3666,1;388,84;68,5
B2;-3651,8;398,21;68,5
B2;-3637,4;398,21;68,5
B2;-3623,1;407,91;68,5
B2;-3608,8;407,91;68,5
B2;-3594,5;407,91;68,5
B2;-3580,2;418,78;68,5
B2;-3565,9;418,78;68,5
B2;-3551,5;418,78;68,5
B2;-3537,2;419,78;68,5
B2;-3522,9;419,78;68,5
B2;-3508,6;419,78;68,5
B2;-3494,3;406,47;68,5
B2;-3479,9;406,47;68,5
B2;-3465,6;406,47;68,5
B2;-3451,3;387,16;68,5
B2;-3437,0;387,16;68,5
B2;-3422,7;387,16;68,5
B2;-3408,3;363,87;68,5
B2;-3394,0;363,87;68,5
B2;-3379,7;350,01;68,5
B2;-3365,4;350,01;68,5
B2;-3351,1;350,01;68,5
B2;-3336,8;337,1;68,5
B2;-3322,4;337,1;68,5
B2;-3308,1;337,1;68,5
B2;-3293,8;317,97;68,5
B2;-3279,5;317,97;68,5
B2;-3265,2;317,97;68,5
B2;-3250,8;296,19;68,5
B2;-3236,5;296,19;68,5
B2;-3222,2;296,19;68,5
B2;-3207,9;275,56;68,5
B2;-3193,6;275,56;68,5
B2;-3179,3;275,56;68,5
B2;-3164,9;267,01;68,5
B2;-3150,6;267,01;68,5
B2;-3136,3;251,12;68,5
B2;-3122,0;251,12;68,5
B2;-3107,7;251,12;68,5
B2;-3093,3;235,45;68,5
B2;-3079,0;235,45;68,5
B2;-3064,7;235,45;68,5
B2;-3050,4;226,21;68,5
B2;-3036,1;226,21;68,5
B2;-3021,7;226,21;68,5
B2;-3007,4;214,64;68,5
B2;-2993,1;214,64;68,5
B2;-2978,8;214,64;68,5
B2;-2964,5;207,21;68,5
B2;-2950,2;207,21;68,5
B2;-2935,8;195,21;68,5
B2;-2921,5;195,21;68,5
B2;-2907,2;195,21;68,5
B2;-2892,9;181,16;68,5
B2;-2878,6;181,16;68,5
B2;-2864,2;181,16;68,5
B2;-2849,9;177,21;68,5
B2;-2835,6;177,21;68,5
B2;-2821,3;177,21;68,5
B2;-2807,0;153,15;68,5
B2;-2792,7;153,15;68,5
B2;-2778,3;153,15;68,5
B2;-2764,0;128,16;68,5
B2;-2749,7;128,16;68,5
B2;-2735,4;128,16;68,5
B2;-2721,1;114,56;68,5
B2;-2706,7;114,56;68,5
B2;-2692,4;96,52;68,5
B2;-2678,1;96,52;68,5
B2;-2663,8;96,52;68,5
B2;-2649,5;87,19;68,5
B2;-2635,1;87,19;68,5
B2;-2620,8;87,19;68,5
B2;-2606,5;72,35;68,5
B2;-2592,2;72,35;68,5
B2;-2577,9;72,35;68,5
B2;-2563,6;62,0;68,5
B2;-2549,2;62,0;68,5
B2;-2534,9;62,0;68,5
B2;-2520,6;62,0;68,5
B2;-2506,3;62,0;68,5
B2;-2492,0;62,0;68,5
B2;-2477,6;62,0;68,5
B2;-2463,3;62,0;68,5
B2;-2449,0;62,0;68,5
B2;-2434,7;62,0;68,5
B2;-2420,4;62,0;68,5
B2;-2406,1;62,0;68,5
B2;-2391,7;62,0;68,5
B2;-2377,4;62,0;68,5
B2;-2363,1;62,0;68,5
B2;-2348,8;62,0;68,5
B2;-2334,5;62,0;68,5
B2;-2320,1;70,15;68,5
B2;-2305,8;70,15;68,5
B2;-2291,5;70,15;68,5
B2;-2277,2;77,42;68,5
B2;-2262,9;77,42;68,5
B2;-2248,5;77,42;68,5
B2;-2234,2;87,52;68,5
B2;-2219,9;87,52;68,5
B2;-2205,6;98,82;68,5
B2;-2191,3;98,82;68,5
B2;-2177,0;98,82;68,5
B2;-2162,6;104,19;68,5
B2;-2148,3;104,19;68,5
B2;-2134,0;104,19;68,5
B2;-2119,7;111,86;68,5
B2;-2105,4;111,86;68,5
B2;-2091,0;111,86;68,5
B2;-2076,7;121,65;68,5
B2;-2062,4;121,65;68,5
B2;-2048,1;121,65;68,5
B2;-2033,8;155,95;68,5
B2;-2019,5;155,95;68,5
B2;-2005,1;155,95;68,5
B2;-1990,8;168,72;68,5
B2;-1976,5;168,72;68,5
B2;-1962,2;182,03;68,5
B2;-1947,9;182,03;68,5
B2;-1933,5;182,03;68,5
B2;-1919,2;196,65;68,5
B2;-1904,9;196,65;68,5
B2;-1890,6;196,65;68,5
B2;-1876,3;206,26;68,5
B2;-1861,9;206,26;68,5
B2;-1847,6;206,26;68,5
B2;-1833,3;217,45;68,5
B2;-1819,0;217,45;68,5
B2;-1804,7;217,45;68,5
B2;-1790,4;229,09;68,5
B2;-1776,0;229,09;68,5
B2;-1761,7;229,09;68,5
B2;-1747,4;246,07;68,5
B2;-1733,1;246,07;68,5
B2;-1718,8;264,26;68,5
B2;-1704,4;264,26;68,5
B2;-1690,1;264,26;68,5
B2;-1675,8;295,68;68,5
B2;-1661,5;295,68;68,5
B2;-1647,2;295,68;68,5
B2;-1632,9;328,42;68,5
B2;-1618,5;328,42;68,5
B2;-1604,2;328,42;68,5
B2;-1589,9;346,56;68,5
B2;-1575,6;346,56;68,5
B2;-1561,3;346,56;68,5
B2;-1546,9;353,22;68,5
B2;-1532,6;353,22;68,5
B2;-1518,3;357,29;68,5
B2;-1504,0;357,29;68,5
B2;-1489,7;357,29;68,5
B2;-1475,3;352,77;68,5
B2;-1461,0;352,77;68,5
B2;-1446,7;352,77;68,5
B2;-1432,4;335,66;68,5
B2;-1418,1;335,66;68,5
B2;-1403,8;335,66;68,5
B2;-1389,4;324,11;68,5
B2;-1375,1;324,11;68,5
B2;-1360,8;324,11;68,5
B2;-1346,5;299,61;68,5
B2;-1332,2;299,61;68,5
B2;-1317,8;299,61;68,5
B2;-1303,5;272,64;68,5
B2;-1289,2;272,64;68,5
B2;-1274,9;249,93;68,5
B2;-1260,6;249,93;68,5
B2;-1246,3;249,93;68,5
B2;-1231,9;217,26;68,5
B2;-1217,6;217,26;68,5
B2;-1203,3;217,26;68,5
B2;-1189,0;200,85;68,5
B2;-1174,7;200,85;68,5
B2;-1160,3;200,85;68,5
B2;-1146,0;185,84;68,5
B2;-1131,7;185,84;68,5
B2;-1117,4;185,84;68,5
B2;-1103,1;171,46;68,5
B2;-1088,7;171,46;68,5
B2;-1074,4;171,46;68,5
B2;-1060,1;141,56;68,5
B2;-1045,8;141,56;68,5
B2;-1031,5;112,19;68,5
B2;-1017,2;112,19;68,5
B2;-1002,8;112,19;68,5
B2;-988,5;96,38;68,5
B2;-974,2;96,38;68,5
B2;-959,9;96,38;68,5
B2;-945,6;82,03;68,5
B2;-931,2;82,03;68,5
B2;-916,9;82,03;68,5
B2;-902,6;67,95;68,5
B2;-888,3;67,95;68,5
B2;-874,0;67,95;68,5
B2;-859,7;64,0;68,5
B2;-845,3;64,0;68,5
B2;-831,0;64,0;68,5
B2;-816,7;64,5;68,5
B2;-802,4;64,5;68,5
B2;-788,1;64,0;68,5
B2;-773,7;64,0;68,5
B2;-759,4;64,0;68,5
B2;-745,1;64,0;68,5
B2;-730,8;64,0;68,5
B2;-716,5;64,0;68,5
B2;-702,1;64,92;68,5
B2;-687,8;64,92;68,5
B2;-673,5;64,92;68,5
B2;-659,2;73,41;68,5
B2;-644,9;73,41;68,5
B2;-630,6;73,41;68,5
B2;-616,2;82,11;68,5
B2;-601,9;82,11;68,5
B2;-587,6;82,11;68,5
B2;-573,3;89,77;68,5
B2;-559,0;89,77;68,5
B2;-544,6;103,33;68,5
B2;-530,3;103,33;68,5
B2;-516,0;103,33;68,5
B2;-501,7;116,62;68,5
B2;-487,4;116,62;68,5
B2;-473,1;116,62;68,5
B2;-458,7;116,72;68,5
B2;-444,4;116,72;68,5
B2;-430,1;116,72;68,5
B2;-415,8;120,82;68,5
B2;-401,5;120,82;68,5
B2;-387,1;120,82;68,5
B2;-372,8;120,88;68,5
B2;-358,5;120,88;68,5
B2;-344,2;118,53;68,5
B2;-329,9;118,53;68,5
B2;-315,5;118,53;68,5
B2;-301,2;116,62;68,5
B2;-286,9;116,62;68,5
B2;-272,6;116,62;68,5
B2;-258,3;114,67;68,5
B2;-244,0;114,67;68,5
B2;-229,6;114,67;68,5
B2;-215,3;111,3;68,5
B2;-201,0;111,3;68,5
B2;-186,7;111,3;68,5
B2;-172,4;106,91;68,5
B2;-158,0;106,91;68,5
B2;-143,7;106,91;68,5
B2;-129,4;104,4;68,5
B2;-115,1;104,4;68,5
B2;-100,8;100,21;68,5
B2;-86,5;100,21;68,5
B2;-72,1;100,21;68,5
B2;-57,8;92,49;68,5
B2;-43,5;92,49;68,5
B2;-29,2;92,49;68,5
B2;-14,9;68,5;68,5
B2;-0,5;68,5;68,5
B2;13,8;68,5;68,5
B2;28,1;68,5;68,5
B2;42,4;68,5;68,5
B2;56,7;68,5;68,5
B2;71,1;68,75;68,5
B2;85,4;68,75;68,5
B2;99,7;68,75;68,5
B2;114,0;76,54;68,5
B2;128,3;76,54;68,5
B2;142,6;90,02;68,5
B2;157,0;90,02;68,5
B2;171,3;90,02;68,5
B2;185,6;104,7;68,5
B2;199,9;104,7;68,5
B2;214,2;104,7;68,5
B2;228,6;121,59;68,5
B2;242,9;121,59;68,5
B2;257,2;121,59;68,5
B2;271,5;128,25;68,5
B2;285,8;128,25;68,5
B2;300,1;128,25;68,5
B2;314,5;142,79;68,5
B2;328,8;142,79;68,5
B2;343,1;142,79;68,5
B2;357,4;154,2;68,5
B2;371,7;154,2;68,5
B2;386,1;176,3;68,5
B2;400,4;176,3;68,5
B2;414,7;176,3;68,5
B2;429,0;218,37;68,5
B2;443,3;218,37;68,5
B2;457,7;218,37;68,5
B2;472,0;250,04;68,5
B2;486,3;250,04;68,5
B2;500,6;250,04;68,5
B2;514,9;283,52;68,5
B2;529,2;283,52;68,5
B2;543,6;283,52;68,5
B2;557,9;309,3;68,5
B2;572,2;309,3;68,5
B2;586,5;309,3;68,5
B2;600,8;320,7;68,5
B2;615,2;320,7;68,5
B2;629,5;330,97;68,5
B2;643,8;330,97;68,5
B2;658,1;330,97;68,5
B2;672,4;346,0;68,5
B2;686,7;346,0;68,5
B2;701,1;346,0;68,5
B2;715,4;362,75;68,5
B2;729,7;362,75;68,5
B2;744,0;362,75;68,5
B2;758,3;377,67;68,5
B2;772,7;377,67;68,5
B2;787,0;377,67;68,5
B2;801,3;391,97;68,5
B2;815,6;391,97;68,5
B2;829,9;391,97;68,5
B2;844,3;398,9;68,5
B2;858,6;398,9;68,5
B2;872,9;398,3;68,5
B2;887,2;398,3;68,5
B2;901,5;398,3;68,5
B2;915,8;395,35;68,5
B2;930,2;395,35;68,5
B2;944,5;395,35;68,5
B2;958,8;392,02;68,5
B2;973,1;392,02;68,5
B2;987,4;392,02;68,5
B2;1001,8;392,0;68,5
B2;1016,1;392,0;68,5
B2;1030,4;392,0;68,5
B2;1044,7;397,14;68,5
B2;1059,0;397,14;68,5
B2;1073,3;402,55;68,5
B2;1087,7;402,55;68,5
B2;1102,0;402,55;68,5
B2;1116,3;404,25;68,5
B2;1130,6;404,25;68,5
B2;1144,9;404,25;68,5
B2;1159,3;410,54;68,5
B2;1173,6;410,54;68,5
B2;1187,9;410,54;68,5
B2;1202,2;416,61;68,5
B2;1216,5;416,61;68,5
B2;1230,9;416,61;68,5
B2;1245,2;423,61;68,5
B2;1259,5;423,61;68,5
B2;1273,8;423,61;68,5
B2;1288,1;427,02;68,5
B2;1302,4;427,02;68,5
B2;1316,8;427,92;68,5
B2;1331,1;427,92;68,5
B2;1345,4;427,92;68,5
B2;1359,7;429,04;68,5
B2;1374,0;429,04;68,5
B2;1388,4;429,04;68,5
B2;1402,7;433,79;68,5
B2;1417,0;433,79;68,5
B2;1431,3;433,79;68,5
B2;1445,6;434,43;68,5
B2;1459,9;434,43;68,5
B2;1474,3;434,43;68,5
B2;1488,6;434,82;68,5
B2;1502,9;434,82;68,5
B2;1517,2;434,82;68,5
B2;1531,5;433,46;68,5
B2;1545,9;433,46;68,5
B2;1560,2;432,8;68,5
B2;1574,5;432,8;68,5
B2;1588,8;432,8;68,5
B2;1603,1;432,8;68,5
B2;1617,5;432,8;68,5
B2;1631,8;432,8;68,5
B2;1646,1;426,79;68,5
B2;1660,4;426,79;68,5
B2;1674,7;426,79;68,5
B2;1689,0;421,51;68,5
B2;1703,4;421,51;68,5
B2;1717,7;421,51;68,5
B2;1732,0;415,86;68,5
B2;1746,3;415,86;68,5
B2;1760,6;415,86;68,5
B2;1775,0;415,86;68,5
B2;1789,3;415,86;68,5
B2;1803,6;419,08;68,5
B2;1817,9;419,08;68,5
B2;1832,2;419,08;68,5
B2;1846,5;421,29;68,5
B2;1860,9;421,29;68,5
B2;1875,2;421,29;68,5
B2;1889,5;424,19;68,5
B2;1903,8;424,19;68,5
B2;1918,1;424,19;68,5
B2;1932,5;428,2;68,5
B2;1946,8;428,2;68,5
B2;1961,1;428,2;68,5
B2;1975,4;428,03;68,5
B2;1989,7;428,03;68,5
B2;2004,1;428,03;68,5
B2;2018,4;421,67;68,5
B2;2032,7;421,67;68,5
B2;2047,0;398,68;68,5
B2;2061,3;398,68;68,5
B2;2075,6;398,68;68,5
B2;2090,0;394,81;68,5
B2;2104,3;394,81;68,5
B2;2118,6;394,81;68,5
B2;2132,9;394,22;68,5
B2;2147,2;394,22;68,5
B2;2161,6;394,22;68,5
B2;2175,9;392,51;68,5
B2;2190,2;392,51;68,5
B2;2204,5;392,51;68,5
B2;2218,8;384,4;68,5
B2;2233,1;384,4;68,5
B2;2247,5;384,4;68,5
B2;2261,8;375,81;68,5
B2;2276,1;375,81;68,5
B2;2290,4;366,8;68,5
B2;2304,7;366,8;68,5
B2;2319,1;366,8;68,5
B2;2333,4;359,98;68,5
B2;2347,7;359,98;68,5
B2;2362,0;359,98;68,5
B2;2376,3;354,83;68,5
B2;2390,7;354,83;68,5
B2;2405,0;354,83;68,5
B2;2419,3;349,11;68,5
B2;2433,6;349,11;68,5
B2;2447,9;349,11;68,5
B2;2462,2;346,11;68,5
B2;2476,6;346,11;68,5
B2;2490,9;356,62;68,5
B2;2505,2;356,62;68,5
B2;2519,5;356,62;68,5
B2;2533,8;370,23;68,5
B2;2548,2;370,23;68,5
B2;2562,5;370,23;68,5
B2;2576,8;384,96;68,5
B2;2591,1;384,96;68,5
B2;2605,4;384,96;68,5
B2;2619,8;398,37;68,5
B2;2634,1;398,37;68,5
B2;2648,4;398,37;68,5
B2;2662,7;410,09;68,5
B2;2677,0;410,09;68,5
B2;2691,3;410,09;68,5
B2;2705,7;415,44;68,5
B2;2720,0;415,44;68,5
B2;2734,3;426,76;68,5
B2;2748,6;426,76;68,5
B2;2762,9;426,76;68,5
B2;2777,3;432,6;68,5
B2;2791,6;432,6;68,5
B2;2805,9;432,6;68,5
B2;2820,2;435,57;68,5
B2;2834,5;435,57;68,5
B2;2848,8;435,57;68,5
B2;2863,2;438,76;68,5
B2;2877,5;438,76;68,5
B2;2891,8;438,76;68,5
B2;2906,1;443,44;68,5
B2;2920,4;443,44;68,5
B2;2934,8;443,44;68,5
B2;2949,1;444,19;68,5
B2;2963,4;444,19;68,5
B2;2977,7;436,66;68,5
B2;2992,0;436,66;68,5
B2;3006,4;436,66;68,5
B2;3020,7;418,99;68,5
B2;3035,0;418,99;68,5
B2;3049,3;418,99;68,5
B2;3063,6;400,97;68,5
B2;3077,9;400,97;68,5
B2;3092,3;400,97;68,5
B2;3106,6;386,79;68,5
B2;3120,9;386,79;68,5
B2;3135,2;386,79;68,5
B2;3149,5;381,96;68,5
B2;3163,9;381,96;68,5
B2;3178,2;381,96;68,5
B2;3192,5;372,3;68,5
B2;3206,8;372,3;68,5
B2;3221,1;369,11;68,5
B2;3235,4;369,11;68,5
B2;3249,8;369,11;68,5
B2;3264,1;369,78;68,5
B2;3278,4;369,78;68,5
B2;3292,7;369,78;68,5
B2;3307,0;366,9;68,5
B2;3321,4;366,9;68,5
B2;3335,7;366,9;68,5
B2;3350,0;365,64;68,5
B2;3364,3;365,64;68,5
B2;3378,6;365,64;68,5
B2;3393,0;363,95;68,5
B2;3407,3;363,95;68,5
B2;3421,6;363,95;68,5
B2;3435,9;361,09;68,5
B2;3450,2;361,09;68,5
B2;3464,5;357,23;68,5
B2;3478,9;357,23;68,5
B2;3493,2;357,23;68,5
B2;3507,5;359,07;68,5
B2;3521,8;359,07;68,5
B2;3536,1;359,07;68,5
B2;3550,5;364,14;68,5
B2;3564,8;364,14;68,5
B2;3579,1;364,14;68,5
B2;3593,4;370,09;68,5
B2;3607,7;370,09;68,5
B2;3622,0;370,09;68,5
B2;3636,4;370,74;68,5
B2;3650,7;370,74;68,5
B2;3665,0;370,74;68,5
B2;3679,3;366,86;68,5
B2;3693,6;366,86;68,5
B2;3708,0;351,37;68,5
B2;3722,3;351,37;68,5
B2;3736,6;351,37;68,5
B2;3750,9;340,84;68,5
B2;3765,2;340,84;68,5
B2;3779,6;340,84;68,5
B2;3793,9;338,01;68,5
B2;3808,2;338,01;68,5
B2;3822,5;338,01;68,5
B2;3836,8;331,21;68,5
B2;3851,1;331,21;68,5
B2;3865,5;331,21;68,5
B2;3879,8;322,34;68,5
B2;3894,1;322,34;68,5
B2;3908,4;316,24;68,5
B2;3922,7;316,24;68,5
B2;3937,1;316,24;68,5
B2;3951,4;303,6;68,5
B2;3965,7;303,6;68,5
B2;3980,0;303,6;68,5
B2;3994,3;298,23;68,5
B2;4008,6;298,23;68,5
B2;4023,0;298,23;68,5
B2;4037,3;300,12;68,5
B2;4051,6;300,12;68,5
B2;4065,9;300,12;68,5
B2;4080,2;307,06;68,5
B2;4094,6;307,06;68,5
B2;4108,9;307,06;68,5
B2;4123,2;307,82;68,5
B2;4137,5;307,82;68,5
B2;4151,8;312,63;68,5
B2;4166,2;312,63;68,5
B2;4180,5;312,63;68,5
B2;4194,8;312,31;68,5
B2;4209,1;312,31;68,5
B2;4223,4;312,31;68,5
B2;4237,7;308,93;68,5
B2;4252,1;308,93;68,5
B2;4266,4;308,93;68,5
B2;4280,7;305,95;68,5
B2;4295,0;305,95;68,5
B2;4309,3;305,95;68,5
B2;4323,7;303,85;68,5
B2;4338,0;303,85;68,5
B2;4352,3;303,85;68,5
B2;4366,6;297,48;68,5
B2;4380,9;297,48;68,5
B2;4395,2;297,29;68,5
B2;4409,6;297,29;68,5
B2;4423,9;297,29;68,5
B2;4438,2;297,09;68,5
B2;4452,5;297,09;68,5
B2;4466,8;297,09;68,5
B2;4481,2;296,33;68,5
B2;4495,5;296,33;68,5
B2;4509,8;296,33;68,5
B2;4524,1;290,22;68,5
B2;4538,4;290,22;68,5
B2;4552,8;290,22;68,5
B2;4567,1;276,04;68,5
B2;4581,4;276,04;68,5
B2;4595,7;276,04;68,5
B2;4610,0;262,98;68,5
B2;4624,3;262,98;68,5
B2;4638,7;241,15;68,5
B2;4653,0;241,15;68,5
B2;4667,3;241,15;68,5
B2;4681,6;216,25;68,5
B2;4695,9;216,25;68,5
B2;4710,3;216,25;68,5
B2;4724,6;197,22;68,5
B2;4738,9;197,22;68,5
B2;4753,2;197,22;68,5
B2;4767,5;190,75;68,5
B2;4781,8;190,75;68,5
B2;4796,2;190,75;68,5
B2;4810,5;199,48;68,5
B2;4824,8;199,48;68,5
B2;4839,1;199,48;68,5
B2;4853,4;216,66;68,5
B2;4867,8;216,66;68,5
B2;4882,1;228,58;68,5
B2;4896,4;228,58;68,5
B2;4910,7;228,58;68,5
B2;4925,0;245,07;68,5
B2;4939,4;245,07;68,5
B2;4953,7;245,07;68,5
B2;4968,0;256,15;68,5
B2;4982,3;256,15;68,5
B2;4996,6;256,15;68,5
B2;5010,9;266,18;68,5
B2;5025,3;266,18;68,5
B2;5039,6;266,18;68,5
B2;5053,9;267,29;68,5
B2;5068,2;267,29;68,5
B2;5082,5;267,29;68,5
B2;5096,9;263,35;68,5
B2;5111,2;263,35;68,5
B2;5125,5;259,64;68,5
B2;5139,8;259,64;68,5
B2;5154,1;259,64;68,5
B2;5168,4;252,51;68,5
B2;5182,8;252,51;68,5
B2;5197,1;252,51;68,5
B2;5211,4;235,85;68,5
B2;5225,7;235,85;68,5
B2;5240,0;235,85;68,5
B2;5254,4;222,54;68,5
B2;5268,7;222,54;68,5
B2;5283,0;222,54;68,5
B2;5297,3;208,24;68,5
B2;5311,6;208,24;68,5
B2;5326,0;198,18;68,5
B2;5340,3;198,18;68,5
B2;5354,6;198,18;68,5
B2;5368,9;170,23;68,5
B2;5383,2;170,23;68,5
B2;5397,5;170,23;68,5
B2;5411,9;146,9;68,5
B2;5426,2;146,9;68,5
B2;5440,5;146,9;68,5
B2;5454,8;132,81;68,5
B2;5469,1;132,81;68,5
B2;5483,5;132,81;68,5
B2;5497,8;131,71;68,5
B2;5512,1;131,71;68,5
B2;5526,4;131,71;68,5
B2;5540,7;149,11;68,5
B2;5555,0;149,11;68,5
B2;5569,4;167,29;68,5
B2;5583,7;167,29;68,5
B2;5598,0;167,29;68,5
B2;5612,3;186,99;68,5
B2;5626,6;186,99;68,5
B2;5641,0;186,99;68,5
B2;5655,3;198,79;68,5
B2;5669,6;198,79;68,5
B2;5683,9;198,79;68,5
B2;5698,2;203,06;68,5
B2;5712,6;203,06;68,5
B2;5726,9;203,06;68,5
B2;5741,2;233,55;68,5
B2;5755,5;233,55;68,5
B2;5769,8;233,55;68,5
B2;5784,1;243,41;68,5
B2;5798,5;243,41;68,5
B2;5812,8;242,14;68,5
B2;5827,1;242,14;68,5
B2;5841,4;242,14;68,5
B2;5855,7;227,41;68,5
B2;5870,1;227,41;68,5
B2;5884,4;227,41;68,5
B2;5898,7;206,43;68,5
B2;5913,0;206,43;68,5
B2;5927,3;206,43;68,5
B2;5941,6;194,01;68,5
B2;5956,0;194,01;68,5
B2;5970,3;194,01;68,5
B2;5984,6;187,1;68,5
B2;5998,9;187,1;68,5
B2;6013,2;187,1;68,5
B3;-6000,0;328,72;72,5
B3;-5985,7;326,46;72,5
B3;-5971,4;326,46;72,5
B3;-5957,0;324,55;72,5
B3;-5942,7;324,55;72,5
B3;-5928,4;319,6;72,5
B3;-5914,1;319,6;72,5
B3;-5899,8;314,72;72,5
B3;-5885,5;314,72;72,5
B3;-5871,1;314,91;72,5
B3;-5856,8;314,91;72,5
B3;-5842,5;313,44;72,5
B3;-5828,2;313,44;72,5
B3;-5813,9;311,85;72,5
B3;-5799,5;311,85;72,5
B3;-5785,2;310,85;72,5
B3;-5770,9;310,85;72,5
B3;-5756,6;309,54;72,5
B3;-5742,3;309,54;72,5
B3;-5727,9;304,73;72,5
B3;-5713,6;304,73;72,5
B3;-5699,3;302,02;72,5
B3;-5685,0;302,02;72,5
B3;-5670,7;300,12;72,5
B3;-5656,4;300,12;72,5
B3;-5642,0;297,9;72,5
B3;-5627,7;297,9;72,5
B3;-5613,4;297,51;72,5
B3;-5599,1;297,51;72,5
B3;-5584,8;296,87;72,5
B3;-5570,4;296,87;72,5
B3;-5556,1;294,46;72,5
B3;-5541,8;294,46;72,5
B3;-5527,5;291,91;72,5
B3;-5513,2;291,91;72,5
B3;-5498,9;288,48;72,5
B3;-5484,5;288,48;72,5
B3;-5470,2;285,88;72,5
B3;-5455,9;285,88;72,5
B3;-5441,6;279,24;72,5
B3;-5427,3;279,24;72,5
B3;-5412,9;272,22;72,5
B3;-5398,6;272,22;72,5
B3;-5384,3;264,76;72,5
B3;-5370,0;264,76;72,5
B3;-5355,7;256,32;72,5
B3;-5341,3;256,32;72,5
B3;-5327,0;256,32;72,5
B3;-5312,7;256,32;72,5
B3;-5298,4;251,18;72,5
B3;-5284,1;251,18;72,5
B3;-5269,8;253,63;72,5
B3;-5255,4;253,63;72,5
B3;-5241,1;263,17;72,5
B3;-5226,8;263,17;72,5
B3;-5212,5;269,21;72,5
B3;-5198,2;269,21;72,5
B3;-5183,8;272,36;72,5
B3;-5169,5;272,36;72,5
B3;-5155,2;274,88;72,5
B3;-5140,9;274,88;72,5
B3;-5126,6;276,62;72,5
B3;-5112,3;276,62;72,5
B3;-5097,9;275,02;72,5
B3;-5083,6;275,02;72,5
B3;-5069,3;273,47;72,5
B3;-5055,0;273,47;72,5
B3;-5040,7;272,25;72,5
B3;-5026,3;272,25;72,5
B3;-5012,0;271,07;72,5
B3;-4997,7;271,07;72,5
B3;-4983,4;264,56;72,5
B3;-4969,1;264,56;72,5
B3;-4954,7;265,73;72,5
B3;-4940,4;265,73;72,5
B3;-4926,1;273,93;72,5
B3;-4911,8;273,93;72,5
B3;-4897,5;283,47;72,5
B3;-4883,2;283,47;72,5
B3;-4868,8;291,54;72,5
B3;-4854,5;291,54;72,5
B3;-4840,2;296,22;72,5
B3;-4825,9;296,22;72,5
B3;-4811,6;297,21;72,5
B3;-4797,2;297,21;72,5
B3;-4782,9;298,31;72,5
B3;-4768,6;298,31;72,5
B3;-4754,3;304,39;72,5
B3;-4740,0;304,39;72,5
B3;-4725,7;305,38;72,5
B3;-4711,3;305,38;72,5
B3;-4697,0;308,56;72,5
B3;-4682,7;308,56;72,5
B3;-4668,4;308,73;72,5
B3;-4654,1;308,73;72,5
B3;-4639,7;308,73;72,5
B3;-4625,4;308,73;72,5
B3;-4611,1;309,73;72,5
B3;-4596,8;309,73;72,5
B3;-4582,5;312,86;72,5
B3;-4568,1;312,86;72,5
B3;-4553,8;317,68;72,5
B3;-4539,5;317,68;72,5
B3;-4525,2;322,94;72,5
B3;-4510,9;322,94;72,5
B3;-4496,6;329,49;72,5
B3;-4482,2;329,49;72,5
B3;-4467,9;335,17;72,5
B3;-4453,6;335,17;72,5
B3;-4439,3;343,69;72,5
B3;-4425,0;343,69;72,5
B3;-4410,6;354,32;72,5
B3;-4396,3;354,32;72,5
B3;-4382,0;364,55;72,5
B3;-4367,7;364,55;72,5
B3;-4353,4;376,36;72,5
B3;-4339,1;376,36;72,5
B3;-4324,7;388,31;72,5
B3;-4310,4;388,31;72,5
B3;-4296,1;394,07;72,5
B3;-4281,8;394,07;72,5
B3;-4267,5;392,92;72,5
B3;-4253,1;392,92;72,5
B3;-4238,8;381,41;72,5
B3;-4224,5;381,41;72,5
B3;-4210,2;370,71;72,5
B3;-4195,9;370,71;72,5
B3;-4181,5;359,69;72,5
B3;-4167,2;359,69;72,5
B3;-4152,9;351,22;72,5
B3;-4138,6;351,22;72,5
B3;-4124,3;337,45;72,5
B3;-4110,0;337,45;72,5
B3;-4095,6;332,14;72,5
B3;-4081,3;332,14;72,5
B3;-4067,0;327,22;72,5
B3;-4052,7;327,22;72,5
B3;-4038,4;325,99;72,5
B3;-4024,0;325,99;72,5
B3;-4009,7;326,75;72,5
B3;-3995,4;326,75;72,5
B3;-3981,1;324,8;72,5
B3;-3966,8;324,8;72,5
B3;-3952,5;317,95;72,5
B3;-3938,1;317,95;72,5
B3;-3923,8;317,95;72,5
B3;-3909,5;317,95;72,5
B3;-3895,2;315,85;72,5
B3;-3880,9;315,85;72,5
B3;-3866,5;317,34;72,5
B3;-3852,2;317,34;72,5
B3;-3837,9;319,19;72,5
B3;-3823,6;319,19;72,5
B3;-3809,3;321,44;72,5
B3;-3794,9;321,44;72,5
B3;-3780,6;322,38;72,5
B3;-3766,3;322,38;72,5
B3;-3752,0;322,93;72,5
B3;-3737,7;322,93;72,5
B3;-3723,4;323,99;72,5
B3;-3709,0;323,99;72,5
B3;-3694,7;325,38;72,5
B3;-3680,4;325,38;72,5
B3;-3666,1;325,97;72,5
B3;-3651,8;325,97;72,5
B3;-3637,4;323,89;72,5
B3;-3623,1;323,89;72,5
B3;-3608,8;318,33;72,5
B3;-3594,5;318,33;72,5
B3;-3580,2;317,96;72,5
B3;-3565,9;317,96;72,5
B3;-3551,5;313,53;72,5
B3;-3537,2;313,53;72,5
B3;-3522,9;310,29;72,5
B3;-3508,6;310,29;72,5
B3;-3494,3;301,46;72,5
B3;-3479,9;301,46;72,5
B3;-3465,6;293,11;72,5
B3;-3451,3;293,11;72,5
B3;-3437,0;283,1;72,5
B3;-3422,7;283,1;72,5
B3;-3408,3;272,13;72,5
B3;-3394,0;272,13;72,5
B3;-3379,7;252,37;72,5
B3;-3365,4;252,37;72,5
B3;-3351,1;241,05;72,5
B3;-3336,8;241,05;72,5
B3;-3322,4;231,78;72,5
B3;-3308,1;231,78;72,5
B3;-3293,8;223,82;72,5
B3;-3279,5;223,82;72,5
B3;-3265,2;216,62;72,5
B3;-3250,8;216,62;72,5
B3;-3236,5;216,62;72,5
B3;-3222,2;216,62;72,5
B3;-3207,9;212,37;72,5
B3;-3193,6;212,37;72,5
B3;-3179,3;202,17;72,5
B3;-3164,9;202,17;72,5
B3;-3150,6;187,85;72,5
B3;-3136,3;187,85;72,5
B3;-3122,0;175,18;72,5
B3;-3107,7;175,18;72,5
B3;-3093,3;162,53;72,5
B3;-3079,0;162,53;72,5
B3;-3064,7;150,85;72,5
B3;-3050,4;150,85;72,5
B3;-3036,1;139,44;72,5
B3;-3021,7;139,44;72,5
B3;-3007,4;118,49;72,5
B3;-2993,1;118,49;72,5
B3;-2978,8;99,86;72,5
B3;-2964,5;99,86;72,5
B3;-2950,2;74,0;72,5
B3;-2935,8;74,0;72,5
B3;-2921,5;74,0;72,5
B3;-2907,2;74,0;72,5
B3;-2892,9;74,0;72,5
B3;-2878,6;74,0;72,5
B3;-2864,2;74,0;72,5
B3;-2849,9;74,0;72,5
B3;-2835,6;74,0;72,5
B3;-2821,3;74,0;72,5
B3;-2807,0;74,0;72,5
B3;-2792,7;74,0;72,5
B3;-2778,3;74,0;72,5
B3;-2764,0;74,0;72,5
B3;-2749,7;74,0;72,5
B3;-2735,4;74,0;72,5
B3;-2721,1;74,0;72,5
B3;-2706,7;74,0;72,5
B3;-2692,4;74,0;72,5
B3;-2678,1;74,0;72,5
B3;-2663,8;76,43;72,5
B3;-2649,5;76,43;72,5
B3;-2635,1;82,41;72,5
B3;-2620,8;82,41;72,5
B3;-2606,5;88,76;72,5
B3;-2592,2;88,76;72,5
B3;-2577,9;100,75;72,5
B3;-2563,6;100,75;72,5
B3;-2549,2;100,75;72,5
B3;-2534,9;100,75;72,5
B3;-2520,6;115,16;72,5
B3;-2506,3;115,16;72,5
B3;-2492,0;131,65;72,5
B3;-2477,6;131,65;72,5
B3;-2463,3;147,21;72,5
B3;-2449,0;147,21;72,5
B3;-2434,7;154,18;72,5
B3;-2420,4;154,18;72,5
B3;-2406,1;162,9;72,5
B3;-2391,7;162,9;72,5
B3;-2377,4;172,84;72,5
B3;-2363,1;172,84;72,5
B3;-2348,8;178,53;72,5
B3;-2334,5;178,53;72,5
B3;-2320,1;185,05;72,5
B3;-2305,8;185,05;72,5
B3;-2291,5;185,91;72,5
B3;-2277,2;185,91;72,5
B3;-2262,9;190,75;72,5
B3;-2248,5;190,75;72,5
B3;-2234,2;196,03;72,5
B3;-2219,9;196,03;72,5
B3;-2205,6;198,21;72,5
B3;-2191,3;198,21;72,5
B3;-2177,0;200,75;72,5
B3;-2162,6;200,75;72,5
B3;-2148,3;204,77;72,5
B3;-2134,0;204,77;72,5
B3;-2119,7;209,01;72,5
B3;-2105,4;209,01;72,5
B3;-2091,0;211,08;72,5
B3;-2076,7;211,08;72,5
B3;-2062,4;216,84;72,5
B3;-2048,1;216,84;72,5
B3;-2033,8;217,58;72,5
B3;-2019,5;217,58;72,5
B3;-2005,1;217,5;72,5
B3;-1990,8;217,5;72,5
B3;-1976,5;217,51;72,5
B3;-1962,2;217,51;72,5
B3;-1947,9;217,99;72,5
B3;-1933,5;217,99;72,5
B3;-1919,2;218,0;72,5
B3;-1904,9;218,0;72,5
B3;-1890,6;219,05;72,5
B3;-1876,3;219,05;72,5
B3;-1861,9;220,3;72,5
B3;-1847,6;220,3;72,5
B3;-1833,3;220,3;72,5
B3;-1819,0;220,3;72,5
B3;-1804,7;224,27;72,5
B3;-1790,4;224,27;72,5
B3;-1776,0;229,03;72,5
B3;-1761,7;229,03;72,5
B3;-1747,4;232,21;72,5
B3;-1733,1;232,21;72,5
B3;-1718,8;233,63;72,5
B3;-1704,4;233,63;72,5
B3;-1690,1;236,6;72,5
B3;-1675,8;236,6;72,5
B3;-1661,5;238,25;72,5
B3;-1647,2;238,25;72,5
B3;-1632,9;238,42;72,5
B3;-1618,5;238,42;72,5
B3;-1604,2;238,16;72,5
B3;-1589,9;238,16;72,5
B3;-1575,6;237,71;72,5
B3;-1561,3;237,71;72,5
B3;-1546,9;236,22;72,5
B3;-1532,6;236,22;72,5
B3;-1518,3;236,32;72,5
B3;-1504,0;236,32;72,5
B3;-1489,7;240,35;72,5
B3;-1475,3;240,35;72,5
B3;-1461,0;247,77;72,5
B3;-1446,7;247,77;72,5
B3;-1432,4;256,0;72,5
B3;-1418,1;256,0;72,5
B3;-1403,8;257,83;72,5
B3;-1389,4;257,83;72,5
B3;-1375,1;258,71;72,5
B3;-1360,8;258,71;72,5
B3;-1346,5;254,02;72,5
B3;-1332,2;254,02;72,5
B3;-1317,8;254,17;72,5
B3;-1303,5;254,17;72,5
B3;-1289,2;258,5;72,5
B3;-1274,9;258,5;72,5
B3;-1260,6;258,55;72,5
B3;-1246,3;258,55;72,5
B3;-1231,9;258,65;72,5
B3;-1217,6;258,65;72,5
B3;-1203,3;260,48;72,5
B3;-1189,0;260,48;72,5
B3;-1174,7;264,5;72,5
B3;-1160,3;264,5;72,5
B3;-1146,0;264,5;72,5
B3;-1131,7;264,5;72,5
B3;-1117,4;266,19;72,5
B3;-1103,1;266,19;72,5
B3;-1088,7;273,14;72,5
B3;-1074,4;273,14;72,5
B3;-1060,1;279,97;72,5
B3;-1045,8;279,97;72,5
B3;-1031,5;282,09;72,5
B3;-1017,2;282,09;72,5
B3;-1002,8;283,7;72,5
B3;-988,5;283,7;72,5
B3;-974,2;282,7;72,5
B3;-959,9;282,7;72,5
B3;-945,6;280,82;72,5
B3;-931,2;280,82;72,5
B3;-916,9;276,93;72,5
B3;-902,6;276,93;72,5
B3;-888,3;274,61;72,5
B3;-874,0;274,61;72,5
B3;-859,7;274,27;72,5
B3;-845,3;274,27;72,5
B3;-831,0;275,1;72,5
B3;-816,7;275,1;72,5
B3;-802,4;275,83;72,5
B3;-788,1;275,83;72,5
B3;-773,7;273,49;72,5
B3;-759,4;273,49;72,5
B3;-745,1;271,52;72,5
B3;-730,8;271,52;72,5
B3;-716,5;268,12;72,5
B3;-702,1;268,12;72,5
B3;-687,8;265,37;72,5
B3;-673,5;265,37;72,5
B3;-659,2;260,68;72,5
B3;-644,9;260,68;72,5
B3;-630,6;251,18;72,5
B3;-616,2;251,18;72,5
B3;-601,9;247,08;72,5
B3;-587,6;247,08;72,5
B3;-573,3;236,31;72,5
B3;-559,0;236,31;72,5
B3;-544,6;226,83;72,5
B3;-530,3;226,83;72,5
B3;-516,0;215,3;72,5
B3;-501,7;215,3;72,5
B3;-487,4;193,16;72,5
B3;-473,1;193,16;72,5
B3;-458,7;182,5;72,5
B3;-444,4;182,5;72,5
B3;-430,1;182,5;72,5
B3;-415,8;182,5;72,5
B3;-401,5;178,99;72,5
B3;-387,1;178,99;72,5
B3;-372,8;169,83;72,5
B3;-358,5;169,83;72,5
B3;-344,2;158,77;72,5
B3;-329,9;158,77;72,5
B3;-315,5;146,24;72,5
B3;-301,2;146,24;72,5
B3;-286,9;120,21;72,5
B3;-272,6;120,21;72,5
B3;-258,3;93,23;72,5
B3;-244,0;93,23;72,5
B3;-229,6;84,55;72,5
B3;-215,3;84,55;72,5
B3;-201,0;84,32;72,5
B3;-186,7;84,32;72,5
B3;-172,4;72,5;72,5
B3;-158,0;72,5;72,5
B3;-143,7;72,5;72,5
B3;-129,4;72,5;72,5
B3;-115,1;72,5;72,5
B3;-100,8;72,5;72,5
B3;-86,5;72,5;72,5
B3;-72,1;72,5;72,5
B3;-57,8;72,78;72,5
B3;-43,5;72,78;72,5
B3;-29,2;73,08;72,5
B3;-14,9;73,08;72,5
B3;-0,5;72,5;72,5
B3;13,8;72,5;72,5
B3;28,1;73,76;72,5
B3;42,4;73,76;72,5
B3;56,7;75,1;72,5
B3;71,1;75,1;72,5
B3;85,4;79,31;72,5
B3;99,7;79,31;72,5
B3;114,0;86,08;72,5
B3;128,3;86,08;72,5
B3;142,6;95,61;72,5
B3;157,0;95,61;72,5
B3;171,3;106,18;72,5
B3;185,6;106,18;72,5
B3;199,9;122,29;72,5
B3;214,2;122,29;72,5
B3;228,6;133,88;72,5
B3;242,9;133,88;72,5
B3;257,2;133,88;72,5
B3;271,5;133,88;72,5
B3;285,8;140,95;72,5
B3;300,1;140,95;72,5
B3;314,5;149,36;72,5
B3;328,8;149,36;72,5
B3;343,1;153,36;72,5
B3;357,4;153,36;72,5
B3;371,7;159,0;72,5
B3;386,1;159,0;72,5
B3;400,4;160,53;72,5
B3;414,7;160,53;72,5
B3;429,0;166,33;72,5
B3;443,3;166,33;72,5
B3;457,7;169,31;72,5
B3;472,0;169,31;72,5
B3;486,3;175,4;72,5
B3;500,6;175,4;72,5
B3;514,9;183,59;72,5
B3;529,2;183,59;72,5
B3;543,6;193,87;72,5
B3;557,9;193,87;72,5
B3;572,2;204,29;72,5
B3;586,5;204,29;72,5
B3;600,8;209,95;72,5
B3;615,2;209,95;72,5
B3;629,5;216,58;72,5
B3;643,8;216,58;72,5
B3;658,1;220,92;72,5
B3;672,4;220,92;72,5
B3;686,7;229,02;72,5
B3;701,1;229,02;72,5
B3;715,4;234,03;72,5
B3;729,7;234,03;72,5
B3;744,0;244,6;72,5
B3;758,3;244,6;72,5
B3;772,7;257,27;72,5
B3;787,0;257,27;72,5
B3;801,3;271,08;72,5
B3;815,6;271,08;72,5
B3;829,9;286,15;72,5
B3;844,3;286,15;72,5
B3;858,6;296,98;72,5
B3;872,9;296,98;72,5
B3;887,2;304,8;72,5
B3;901,5;304,8;72,5
B3;915,8;322,79;72,5
B3;930,2;322,79;72,5
B3;944,5;336,61;72,5
B3;958,8;336,61;72,5
B3;973,1;336,61;72,5
B3;987,4;336,61;72,5
B3;1001,8;351,89;72,5
B3;1016,1;351,89;72,5
B3;1030,4;365,39;72,5
B3;1044,7;365,39;72,5
B3;1059,0;389,14;72,5
B3;1073,3;389,14;72,5
B3;1087,7;407,23;72,5
B3;1102,0;407,23;72,5
B3;1116,3;417,49;72,5
B3;1130,6;417,49;72,5
B3;1144,9;425,62;72,5
B3;1159,3;425,62;72,5
B3;1173,6;429,03;72,5
B3;1187,9;429,03;72,5
B3;1202,2;439,87;72,5
B3;1216,5;439,87;72,5
B3;1230,9;444,41;72,5
B3;1245,2;444,41;72,5
B3;1259,5;452,49;72,5
B3;1273,8;452,49;72,5
B3;1288,1;471,54;72,5
B3;1302,4;471,54;72,5
B3;1316,8;481,26;72,5
B3;1331,1;481,26;72,5
B3;1345,4;488,25;72,5
B3;1359,7;488,25;72,5
B3;1374,0;491,43;72,5
B3;1388,4;491,43;72,5
B3;1402,7;491,81;72,5
B3;1417,0;491,81;72,5
B3;1431,3;489,31;72,5
B3;1445,6;489,31;72,5
B3;1459,9;482,91;72,5
B3;1474,3;482,91;72,5
B3;1488,6;473,94;72,5
B3;1502,9;473,94;72,5
B3;1517,2;473,03;72,5
B3;1531,5;473,03;72,5
B3;1545,9;466,89;72,5
B3;1560,2;466,89;72,5
B3;1574,5;457,12;72,5
B3;1588,8;457,12;72,5
B3;1603,1;449,45;72,5
B3;1617,5;449,45;72,5
B3;1631,8;441,93;72,5
B3;1646,1;441,93;72,5
B3;1660,4;441,93;72,5
B3;1674,7;441,93;72,5
B3;1689,0;439,63;72,5
B3;1703,4;439,63;72,5
B3;1717,7;432,66;72,5
B3;1732,0;432,66;72,5
B3;1746,3;431,99;72,5
B3;1760,6;431,99;72,5
B3;1775,0;426,97;72,5
B3;1789,3;426,97;72,5
B3;1803,6;428,29;72,5
B3;1817,9;428,29;72,5
B3;1832,2;432,69;72,5
B3;1846,5;432,69;72,5
B3;1860,9;450,52;72,5
B3;1875,2;450,52;72,5
B3;1889,5;464,02;72,5
B3;1903,8;464,02;72,5
B3;1918,1;471,06;72,5
B3;1932,5;471,06;72,5
B3;1946,8;474,47;72,5
B3;1961,1;474,47;72,5
B3;1975,4;476,71;72,5
B3;1989,7;476,71;72,5
B3;2004,1;487,77;72,5
B3;2018,4;487,77;72,5
B3;2032,7;494,34;72,5
B3;2047,0;494,34;72,5
B3;2061,3;505,41;72,5
B3;2075,6;505,41;72,5
B3;2090,0;513,96;72,5
B3;2104,3;513,96;72,5
B3;2118,6;521,83;72,5
B3;2132,9;521,83;72,5
B3;2147,2;527,86;72,5
B3;2161,6;527,86;72,5
B3;2175,9;530,78;72,5
B3;2190,2;530,78;72,5
B3;2204,5;535,46;72,5
B3;2218,8;535,46;72,5
B3;2233,1;534,26;72,5
B3;2247,5;534,26;72,5
B3;2261,8;529,15;72,5
B3;2276,1;529,15;72,5
B3;2290,4;521,69;72,5
B3;2304,7;521,69;72,5
B3;2319,1;514,49;72,5
B3;2333,4;514,49;72,5
B3;2347,7;514,49;72,5
B3;2362,0;514,49;72,5
B3;2376,3;510,99;72,5
B3;2390,7;510,99;72,5
B3;2405,0;509,48;72,5
B3;2419,3;509,48;72,5
B3;2433,6;506,61;72,5
B3;2447,9;506,61;72,5
B3;2462,2;500,43;72,5
B3;2476,6;500,43;72,5
B3;2490,9;496,85;72,5
B3;2505,2;496,85;72,5
B3;2519,5;492,91;72,5
B3;2533,8;492,91;72,5
B3;2548,2;485,76;72,5
B3;2562,5;485,76;72,5
B3;2576,8;480,03;72,5
B3;2591,1;480,03;72,5
B3;2605,4;478,3;72,5
B3;2619,8;478,3;72,5
B3;2634,1;478,1;72,5
B3;2648,4;478,1;72,5
B3;2662,7;482,62;72,5
B3;2677,0;482,62;72,5
B3;2691,3;485,92;72,5
B3;2705,7;485,92;72,5
B3;2720,0;486,24;72,5
B3;2734,3;486,24;72,5
B3;2748,6;484,38;72,5
B3;2762,9;484,38;72,5
B3;2777,3;482,51;72,5
B3;2791,6;482,51;72,5
B3;2805,9;478,68;72,5
B3;2820,2;478,68;72,5
B3;2834,5;471,83;72,5
B3;2848,8;471,83;72,5
B3;2863,2;466,93;72,5
B3;2877,5;466,93;72,5
B3;2891,8;457,18;72,5
B3;2906,1;457,18;72,5
B3;2920,4;454,55;72,5
B3;2934,8;454,55;72,5
B3;2949,1;444,75;72,5
B3;2963,4;444,75;72,5
B3;2977,7;434,31;72,5
B3;2992,0;434,31;72,5
B3;3006,4;427,39;72,5
B3;3020,7;427,39;72,5
B3;3035,0;423,07;72,5
B3;3049,3;423,07;72,5
B3;3063,6;423,07;72,5
B3;3077,9;423,07;72,5
B3;3092,3;420,46;72,5
B3;3106,6;420,46;72,5
B3;3120,9;420,41;72,5
B3;3135,2;420,41;72,5
B3;3149,5;423,59;72,5
B3;3163,9;423,59;72,5
B3;3178,2;425,71;72,5
B3;3192,5;425,71;72,5
B3;3206,8;428,57;72,5
B3;3221,1;428,57;72,5
B3;3235,4;432,07;72,5
B3;3249,8;432,07;72,5
B3;3264,1;439,02;72,5
B3;3278,4;439,02;72,5
B3;3292,7;448,76;72,5
B3;3307,0;448,76;72,5
B3;3321,4;457,22;72,5
B3;3335,7;457,22;72,5
B3;3350,0;452,5;72,5
B3;3364,3;452,5;72,5
B3;3378,6;453,23;72,5
B3;3393,0;453,23;72,5
B3;3407,3;451,81;72,5
B3;3421,6;451,81;72,5
B3;3435,9;453,56;72,5
B3;3450,2;453,56;72,5
B3;3464,5;449,8;72,5
B3;3478,9;449,8;72,5
B3;3493,2;441,81;72,5
B3;3507,5;441,81;72,5
B3;3521,8;431,48;72,5
B3;3536,1;431,48;72,5
B3;3550,5;427,84;72,5
B3;3564,8;427,84;72,5
B3;3579,1;426,77;72,5
B3;3593,4;426,77;72,5
B3;3607,7;426,3;72,5
B3;3622,0;426,3;72,5
B3;3636,4;419,37;72,5
B3;3650,7;419,37;72,5
B3;3665,0;412,42;72,5
B3;3679,3;412,42;72,5
B3;3693,6;405,55;72,5
B3;3708,0;405,55;72,5
B3;3722,3;400,64;72,5
B3;3736,6;400,64;72,5
B3;3750,9;400,64;72,5
B3;3765,2;400,64;72,5
B3;3779,6;395,29;72,5
B3;3793,9;395,29;72,5
B3;3808,2;387,86;72,5
B3;3822,5;387,86;72,5
B3;3836,8;382,86;72,5
B3;3851,1;382,86;72,5
B3;3865,5;379,03;72,5
B3;3879,8;379,03;72,5
B3;3894,1;381,95;72,5
B3;3908,4;381,95;72,5
B3;3922,7;388,93;72,5
B3;3937,1;388,93;72,5
B3;3951,4;398,99;72,5
B3;3965,7;398,99;72,5
B3;3980,0;408,07;72,5
B3;3994,3;408,07;72,5
B3;4008,6;414,07;72,5
B3;4023,0;414,07;72,5
B3;4037,3;421,07;72,5
B3;4051,6;421,07;72,5
B3;4065,9;424,61;72,5
B3;4080,2;424,61;72,5
B3;4094,6;424,62;72,5
B3;4108,9;424,62;72,5
B3;4123,2;424,61;72,5
B3;4137,5;424,61;72,5
B3;4151,8;426,12;72,5
B3;4166,2;426,12;72,5
B3;4180,5;427,75;72,5
B3;4194,8;427,75;72,5
B3;4209,1;428,54;72,5
B3;4223,4;428,54;72,5
B3;4237,7;428,61;72,5
B3;4252,1;428,61;72,5
B3;4266,4;430,21;72,5
B3;4280,7;430,21;72,5
B3;4295,0;436,87;72,5
B3;4309,3;436,87;72,5
B3;4323,7;444,21;72,5
B3;4338,0;444,21;72,5
B3;4352,3;444,08;72,5
B3;4366,6;444,08;72,5
B3;4380,9;444,08;72,5
B3;4395,2;444,08;72,5
B3;4409,6;441,43;72,5
B3;4423,9;441,43;72,5
B3;4438,2;437,16;72,5
B3;4452,5;437,16;72,5
B3;4466,8;437,16;72,5
B3;4481,2;437,16;72,5
B3;4495,5;434,6;72,5
B3;4509,8;434,6;72,5
B3;4524,1;435,0;72,5
B3;4538,4;435,0;72,5
B3;4552,8;433,84;72,5
B3;4567,1;433,84;72,5
B3;4581,4;432,06;72,5
B3;4595,7;432,06;72,5
B3;4610,0;431,84;72,5
B3;4624,3;431,84;72,5
B3;4638,7;430,18;72,5
B3;4653,0;430,18;72,5
B3;4667,3;431,09;72,5
B3;4681,6;431,09;72,5
B3;4695,9;433,86;72,5
B3;4710,3;433,86;72,5
B3;4724,6;432,13;72,5
B3;4738,9;432,13;72,5
B3;4753,2;429,23;72,5
B3;4767,5;429,23;72,5
B3;4781,8;427,35;72,5
B3;4796,2;427,35;72,5
B3;4810,5;426,95;72,5
B3;4824,8;426,95;72,5
B3;4839,1;430,08;72,5
B3;4853,4;430,08;72,5
B3;4867,8;437,48;72,5
B3;4882,1;437,48;72,5
B3;4896,4;442,24;72,5
B3;4910,7;442,24;72,5
B3;4925,0;443,53;72,5
B3;4939,4;443,53;72,5
B3;4953,7;439,17;72,5
B3;4968,0;439,17;72,5
B3;4982,3;438,46;72,5
B3;4996,6;438,46;72,5
B3;5010,9;444,18;72,5
B3;5025,3;444,18;72,5
B3;5039,6;452,22;72,5
B3;5053,9;452,22;72,5
B3;5068,2;462,68;72,5
B3;5082,5;462,68;72,5
B3;5096,9;471,11;72,5
B3;5111,2;471,11;72,5
B3;5125,5;473,5;72,5
B3;5139,8;473,5;72,5
B3;5154,1;473,5;72,5
B3;5168,4;473,5;72,5
B3;5182,8;473,47;72,5
B3;5197,1;473,47;72,5
B3;5211,4;472,33;72,5
B3;5225,7;472,33;72,5
B3;5240,0;476,61;72,5
B3;5254,4;476,61;72,5
B3;5268,7;481,91;72,5
B3;5283,0;481,91;72,5
B3;5297,3;484,78;72,5
B3;5311,6;484,78;72,5
B3;5326,0;486,25;72,5
B3;5340,3;486,25;72,5
B3;5354,6;487,87;72,5
B3;5368,9;487,87;72,5
B3;5383,2;487,97;72,5
B3;5397,5;487,97;72,5
B3;5411,9;490,61;72,5
B3;5426,2;490,61;72,5
B3;5440,5;494,27;72,5
B3;5454,8;494,27;72,5
B3;5469,1;495,8;72,5
B3;5483,5;495,8;72,5
B3;5497,8;501,35;72,5
B3;5512,1;501,35;72,5
B3;5526,4;506,91;72,5
B3;5540,7;506,91;72,5
B3;5555,0;500,88;72,5
B3;5569,4;500,88;72,5
B3;5583,7;502,2;72,5
B3;5598,0;502,2;72,5
B3;5612,3;513,21;72,5
B3;5626,6;513,21;72,5
B3;5641,0;520,99;72,5
B3;5655,3;520,99;72,5
B3;5669,6;526,13;72,5
B3;5683,9;526,13;72,5
B3;5698,2;530,19;72,5
B3;5712,6;530,19;72,5
B3;5726,9;540,2;72,5
B3;5741,2;540,2;72,5
B3;5755,5;540,94;72,5
B3;5769,8;540,94;72,5
B3;5784,1;547,34;72,5
B3;5798,5;547,34;72,5
B3;5812,8;550,95;72,5
B3;5827,1;550,95;72,5
B3;5841,4;550,95;72,5
B3;5855,7;550,95;72,5
B3;5870,1;554,26;72,5
B3;5884,4;554,26;72,5
B3;5898,7;555,45;72,5
B3;5913,0;555,45;72,5
B3;5927,3;557,27;72,5
B3;5941,6;557,27;72,5
B3;5956,0;563,57;72,5
B3;5970,3;563,57;72,5
B3;5984,6;568,67;72,5
B3;5998,9;568,67;72,5
B3;6013,2;570,55;72,5
